player_id,player_name,player_firstName,player_lastName,player_birthDate,player_birthCity,player_birthCountry,player_birthStateProvince,player_nationality,player_height,player_weight,player_shootsCatches,player_primaryPositionCode
8444919,Tommy Albelin,Tommy,Albelin,1964-05-21,Stockholm,SWE,N/A,SWE,"6' 2""",195,L,D
8444945,Glenn Anderson,Glenn,Anderson,1960-10-02,Vancouver,CAN,BC,CAN,"6' 1""",190,L,R
8445000,Dave Andreychuk,Dave,Andreychuk,1963-09-29,Hamilton,CAN,ON,CAN,"6' 4""",225,R,L
8445275,Tom Barrasso,Tom,Barrasso,1965-03-31,Boston,USA,MA,USA,"6' 3""",210,R,G
8445386,Ed Belfour,Ed,Belfour,1965-04-21,Carman,CAN,MB,CAN,"6' 0""",214,L,G
8445417,Brian Bellows,Brian,Bellows,1964-09-01,St. Catharines,CAN,ON,CAN,"5' 11""",210,R,L
8445423,Benoit Hogue,Benoit,Hogue,1966-10-28,Repentigny,CAN,QC,CAN,"5' 10""",194,L,L
8445461,Jeff Beukeboom,Jeff,Beukeboom,1965-03-28,Ajax,CAN,ON,CAN,"6' 5""",230,R,D
8445550,Rob Blake,Rob,Blake,1969-12-10,Simcoe,CAN,ON,CAN,"6' 4""",220,R,D
8445621,Ray Bourque,Ray,Bourque,1960-12-28,Montréal,CAN,QC,CAN,"6' 0""",223,L,D
8445629,Phil Bourque,Phil,Bourque,1962-06-08,Chelmsford,USA,MA,USA,"6' 1""",196,L,L
8445724,Neal Broten,Neal,Broten,1959-11-29,Roseau,USA,MN,USA,"5' 10""",175,L,C
8445730,Doug Brown,Doug,Brown,1964-06-12,Southborough,USA,MA,USA,"5' 11""",185,R,R
8445734,Benoit Brunet,Benoit,Brunet,1968-08-24,Ste-Anne-de-Bellevue,CAN,QC,CAN,"5' 10""",203,L,L
8445735,Rod Brind'Amour,Rod,Brind'Amour,1970-08-09,Ottawa,CAN,ON,CAN,"6' 1""",205,L,C
8445739,Patrice Brisebois,Patrice,Brisebois,1971-01-27,Montréal,CAN,QC,CAN,"6' 2""",197,R,D
8445861,Jock Callander,Jock,Callander,1961-04-23,Regina,CAN,SK,CAN,"6' 1""",188,R,R
8445977,Bobby Carpenter,Bobby,Carpenter,1963-07-13,Beverly,USA,MA,USA,"6' 0""",200,L,C
8446013,Jay Caufield,Jay,Caufield,1960-07-17,Philadelphia,USA,PA,USA,"6' 4""",237,R,R
8446026,Tom Chorske,Tom,Chorske,1966-09-18,Minneapolis,USA,MN,USA,"6' 1""",212,R,R
8446036,Guy Carbonneau,Guy,Carbonneau,1960-03-18,Sept-Iles,CAN,QC,CAN,"5' 11""",186,R,C
8446042,Shawn Chambers,Shawn,Chambers,1966-10-11,Sterling Heights,USA,MI,USA,"6' 2""",210,L,D
8446050,Jeff Chychrun,Jeff,Chychrun,1966-05-03,LaSalle,CAN,QC,CAN,"6' 4""",215,R,D
8446053,Chris Chelios,Chris,Chelios,1962-01-25,Chicago,USA,IL,USA,"6' 0""",191,R,D
8446117,Paul Coffey,Paul,Coffey,1961-06-01,Weston,CAN,ON,CAN,"6' 0""",205,L,D
8446127,Danton Cole,Danton,Cole,1967-01-10,Pontiac,USA,MI,USA,"5' 11""",185,R,R
8446134,Frederic Chabot,Frederic,Chabot,1968-02-12,Herbertville Station,CAN,QC,CAN,"5' 11""",187,R,G
8446286,J.J. Daigneault,J.J.,Daigneault,1965-10-12,Montréal,CAN,QC,CAN,"5' 10""",192,L,D
8446303,Vincent Damphousse,Vincent,Damphousse,1967-12-17,Montréal,CAN,QC,CAN,"6' 1""",205,L,C
8446305,Jeff Daniels,Jeff,Daniels,1968-06-24,Oshawa,CAN,ON,CAN,"6' 1""",200,L,L
8446309,Ken Daneyko,Ken,Daneyko,1964-04-17,Windsor,CAN,ON,CAN,"6' 1""",215,L,D
8446407,Eric Desjardins,Eric,Desjardins,1969-06-14,Rouyn,CAN,QC,CAN,"6' 1""",205,R,D
8446415,Gilbert Dionne,Gilbert,Dionne,1970-09-19,Drummondville,CAN,QC,CAN,"6' 1""",205,L,L
8446424,Gord Dineen,Gord,Dineen,1962-09-21,Quebec City,CAN,QC,CAN,"6' 0""",195,R,D
8446484,Bruce Driver,Bruce,Driver,1962-04-29,Toronto,CAN,ON,CAN,"6' 0""",185,L,D
8446485,Kris Draper,Kris,Draper,1971-05-24,Toronto,CAN,ON,CAN,"5' 10""",188,L,C
8446494,Steve Duchesne,Steve,Duchesne,1965-06-30,Sept-Iles,CAN,QC,CAN,"5' 11""",195,L,D
8446501,Donald Dufresne,Donald,Dufresne,1967-04-10,Rimouski,CAN,QC,CAN,"6' 1""",206,R,D
8446715,Bob Errey,Bob,Errey,1964-09-21,Montréal,CAN,QC,CAN,"5' 11""",175,L,L
8446733,Todd Ewen,Todd,Ewen,1966-03-22,Saskatoon,CAN,SK,CAN,"6' 3""",230,R,R
8446788,Sergei Fedorov,Sergei,Fedorov,1969-12-13,Pskov,RUS,N/A,RUS,"6' 2""",207,L,C
8446789,Viacheslav Fetisov,Viacheslav,Fetisov,1958-04-20,Moscow,RUS,N/A,RUS,"6' 1""",215,L,D
8446831,Stephane Fiset,Stephane,Fiset,1970-06-17,Montréal,CAN,QC,CAN,"6' 1""",198,L,G
8446951,Ron Francis,Ron,Francis,1963-03-01,Sault Ste. Marie,CAN,ON,CAN,"6' 3""",200,L,C
8447067,Mike Gartner,Mike,Gartner,1959-10-29,Ottawa,CAN,ON,CAN,"6' 0""",190,R,R
8447169,Greg Gilbert,Greg,Gilbert,1962-01-22,Toronto,CAN,ON,CAN,"6' 1""",195,L,L
8447177,Brent Gilchrist,Brent,Gilchrist,1967-04-03,Moose Jaw,CAN,SK,CAN,"5' 11""",180,L,L
8447363,Alexei Gusarov,Alexei,Gusarov,1964-07-08,Moscow,RUS,N/A,RUS,"6' 2""",200,L,D
8447364,Adam Graves,Adam,Graves,1968-04-12,Tecumseh,CAN,ON,CAN,"6' 0""",205,L,L
8447386,Stu Grimson,Stu,Grimson,1965-05-20,Kamloops,CAN,BC,CAN,"6' 5""",239,L,L
8447477,Kevin Haller,Kevin,Haller,1970-12-05,Trochu,CAN,AB,CAN,"6' 2""",200,L,D
8447515,Dave Hannan,Dave,Hannan,1961-11-26,Sudbury,CAN,ON,CAN,"5' 10""",180,L,C
8447673,Mike Hartman,Mike,Hartman,1967-02-07,Detroit,USA,MI,USA,"6' 0""",190,L,L
8447687,Dominik Hasek,Dominik,Hasek,1965-01-29,Pardubice,CZE,N/A,CZE,"6' 1""",166,L,G
8447709,Glenn Healy,Glenn,Healy,1962-08-23,Pickering,CAN,ON,CAN,"5' 8""",195,L,G
8447958,Bobby Holik,Bobby,Holik,1971-01-01,Jihlava,CZE,N/A,CZE,"6' 4""",230,R,C
8448017,Tony Hrkac,Tony,Hrkac,1966-07-07,Thunder Bay,CAN,ON,CAN,"5' 11""",190,L,C
8448029,Jiri Hrdina,Jiri,Hrdina,1958-01-05,Prague,CZE,N/A,CZE,"6' 0""",195,L,C
8448046,Mike Hudson,Mike,Hudson,1967-02-06,Guelph,CAN,ON,CAN,"6' 2""",205,L,C
8448091,Brett Hull,Brett,Hull,1964-08-09,Belleville,CAN,ON,USA,"5' 11""",205,R,R
8448208,Jaromir Jagr,Jaromir,Jagr,1972-02-15,Kladno,CZE,N/A,CZE,"6' 3""",230,L,R
8448271,Grant Jennings,Grant,Jennings,1965-05-05,Hudson Bay,CAN,SK,CAN,"6' 3""",200,L,D
8448415,Mike Keane,Mike,Keane,1967-05-29,Winnipeg,CAN,MB,CAN,"5' 10""",190,R,R
8448419,Dan Keczmer,Dan,Keczmer,1968-05-25,Mt. Clemens,USA,MI,USA,"6' 3""",205,L,D
8448519,Joey Kocur,Joey,Kocur,1964-12-21,Calgary,CAN,AB,CAN,"6' 0""",222,R,R
8448539,Nick Kypreos,Nick,Kypreos,1966-06-04,Toronto,CAN,ON,CAN,"6' 0""",210,L,L
8448554,Uwe Krupp,Uwe,Krupp,1965-06-24,Cologne,DEU,N/A,DEU,"6' 6""",240,R,D
8448622,John LeClair,John,LeClair,1969-07-05,St. Albans,USA,VT,USA,"6' 3""",233,L,L
8448669,Igor Larionov,Igor,Larionov,1960-12-03,Voskresensk,RUS,N/A,RUS,"5' 11""",170,L,C
8448674,Claude Lapointe,Claude,Lapointe,1968-10-11,Lachine,CAN,QC,CAN,"5' 9""",188,L,C
8448703,Steve Larmer,Steve,Larmer,1961-06-16,Peterborough,CAN,ON,CAN,"5' 11""",195,L,R
8448719,Stephan Lebeau,Stephan,Lebeau,1968-02-28,Saint-Jerome,CAN,QC,CAN,"5' 10""",173,R,C
8448754,Gary Leeman,Gary,Leeman,1964-02-19,Toronto,CAN,ON,CAN,"5' 11""",190,R,R
8448769,Brian Leetch,Brian,Leetch,1968-03-03,Corpus Christi,USA,TX,USA,"6' 0""",190,L,D
8448770,Sylvain Lefebvre,Sylvain,Lefebvre,1967-10-14,Richmond,CAN,QC,CAN,"6' 2""",204,L,D
8448771,Jamie Leach,Jamie,Leach,1969-08-25,Philadelphia,USA,PA,USA,"6' 1""",205,R,R
8448772,Claude Lemieux,Claude,Lemieux,1965-07-16,Buckingham,CAN,QC,CAN,"6' 1""",215,R,R
8448782,Mario Lemieux,Mario,Lemieux,1965-10-05,Montréal,CAN,QC,CAN,"6' 4""",230,R,C
8448797,Curtis Leschyshyn,Curtis,Leschyshyn,1969-09-21,Thompson,CAN,MB,CAN,"6' 1""",207,L,D
8448839,Doug Lidster,Doug,Lidster,1960-10-18,Kamloops,CAN,BC,CAN,"6' 1""",200,R,D
8448841,Troy Loney,Troy,Loney,1963-09-21,Bow Island,CAN,AB,CAN,"6' 3""",209,L,L
8448845,Craig Ludwig,Craig,Ludwig,1961-03-15,Rhinelander,USA,WI,USA,"6' 3""",220,L,D
8448884,Kevin Lowe,Kevin,Lowe,1959-04-15,Lachute,CAN,QC,CAN,"6' 2""",200,L,D
8449009,Jamie Macoun,Jamie,Macoun,1961-08-17,Newmarket,CAN,ON,CAN,"6' 1""",193,L,D
8449020,Craig MacTavish,Craig,MacTavish,1958-08-15,London,CAN,ON,CAN,"6' 1""",200,L,C
8449295,Stephane Matteau,Stephane,Matteau,1969-09-02,Rouyn,CAN,QC,CAN,"6' 4""",220,L,L
8449450,Randy McKay,Randy,McKay,1967-01-25,Montréal,CAN,QC,CAN,"6' 2""",210,R,R
8449477,Jim McKenzie,Jim,McKenzie,1969-11-03,Gull Lake,CAN,SK,CAN,"6' 4""",230,L,L
8449499,John MacLean,John,MacLean,1964-11-20,Oshawa,CAN,ON,CAN,"6' 0""",200,R,R
8449573,Mark Messier,Mark,Messier,1961-01-18,Edmonton,CAN,AB,CAN,"6' 2""",211,L,C
8449583,David Michayluk,David,Michayluk,1962-05-18,Wakaw,CAN,SK,CAN,"5' 10""",189,L,L
8449606,Corey Millen,Corey,Millen,1964-03-30,Cloquet,USA,MN,USA,"5' 7""",170,R,C
8449645,Mike Modano,Mike,Modano,1970-06-07,Livonia,USA,MI,USA,"6' 3""",212,L,C
8449654,Alexander Mogilny,Alexander,Mogilny,1969-02-18,Khabarovsk,RUS,N/A,RUS,"6' 0""",210,L,R
8449740,Kirk Muller,Kirk,Muller,1966-02-08,Kingston,CAN,ON,CAN,"6' 0""",205,L,L
8449743,Joe Mullen,Joe,Mullen,1957-02-26,New York City,USA,NY,USA,"5' 9""",180,R,R
8449745,Larry Murphy,Larry,Murphy,1961-03-08,Scarborough,CAN,ON,CAN,"6' 1""",215,R,D
8449773,Troy Murray,Troy,Murray,1962-07-31,Calgary,CAN,AB,CAN,"6' 1""",195,R,C
8449893,Joe Nieuwendyk,Joe,Nieuwendyk,1966-09-10,Oshawa,CAN,ON,CAN,"6' 2""",209,L,C
8449894,Brian Noonan,Brian,Noonan,1965-05-29,Boston,USA,MA,USA,"6' 1""",200,R,R
8449895,Owen Nolan,Owen,Nolan,1972-02-12,Belfast,GBR,N/A,CAN,"6' 1""",214,R,R
8449957,Lyle Odelein,Lyle,Odelein,1968-07-21,Quill Lake,CAN,SK,CAN,"6' 0""",212,L,D
8449971,Fredrik Olausson,Fredrik,Olausson,1966-10-05,Dadesjo,SWE,N/A,SWE,"6' 0""",198,R,D
8449973,Eddie Olczyk,Eddie,Olczyk,1966-08-16,Chicago,USA,IL,USA,"6' 1""",207,L,R
8450089,Jim Paek,Jim,Paek,1967-04-07,Seoul,KOR,N/A,KOR,"6' 1""",200,L,D
8450223,James Patrick,James,Patrick,1963-06-14,Winnipeg,CAN,MB,CAN,"6' 2""",198,R,D
8450293,Mike Peluso,Mike,Peluso,1965-11-08,Pengilly,USA,MN,USA,"6' 4""",225,L,L
8450390,Frank Pietrangelo,Frank,Pietrangelo,1964-12-17,Niagara Falls,CAN,ON,CAN,"5' 10""",185,L,G
8450560,Ken Priestlay,Ken,Priestlay,1967-08-24,Richmond,CAN,BC,CAN,"5' 10""",190,L,C
8450642,Rob Ramage,Rob,Ramage,1959-01-11,Byron,CAN,ON,CAN,"6' 2""",200,R,D
8450645,Mike Ramsey,Mike,Ramsey,1960-12-03,Minneapolis,USA,MN,USA,"6' 3""",195,L,D
8450657,Andre Racicot,Andre,Racicot,1969-06-09,Rouyn-Noranda,CAN,QC,CAN,"5' 11""",165,L,G
8450725,Mark Recchi,Mark,Recchi,1968-02-01,Kamloops,CAN,BC,CAN,"5' 10""",195,L,R
8450773,Dave Reid,Dave,Reid,1964-05-15,Toronto,CAN,ON,CAN,"6' 1""",217,L,L
8450817,Mike Ricci,Mike,Ricci,1971-10-27,Scarborough,CAN,ON,CAN,"6' 0""",200,L,C
8450825,Stephane Richer,Stephane,Richer,1966-06-07,Ripon,CAN,QC,CAN,"6' 2""",218,R,R
8450833,Mike Richter,Mike,Richter,1966-09-22,Abington,USA,PA,USA,"5' 10""",190,L,G
8450890,Mario Roberge,Mario,Roberge,1964-01-25,Quebec City,CAN,QC,CAN,"5' 10""",200,L,L
8450905,Gordie Roberts,Gordie,Roberts,1957-10-02,Detroit,USA,MI,USA,"6' 1""",195,L,D
8450941,Luc Robitaille,Luc,Robitaille,1966-02-17,Montréal,CAN,QC,CAN,"6' 1""",215,L,L
8451022,Bob Rouse,Bob,Rouse,1964-06-18,Surrey,CAN,BC,CAN,"6' 2""",220,R,D
8451033,Patrick Roy,Patrick,Roy,1965-10-05,Québec,CAN,QC,CAN,"6' 2""",190,L,G
8451059,Darren Rumble,Darren,Rumble,1969-01-23,Barrie,CAN,ON,CAN,"6' 1""",207,L,D
8451089,Warren Rychel,Warren,Rychel,1967-05-12,Tecumseh,CAN,ON,CAN,"6' 0""",205,L,L
8451101,Joe Sakic,Joe,Sakic,1969-07-07,Burnaby,CAN,BC,CAN,"5' 11""",195,L,C
8451105,Kjell Samuelsson,Kjell,Samuelsson,1958-10-18,Tingsryd,SWE,N/A,SWE,"6' 6""",235,R,D
8451107,Ulf Samuelsson,Ulf,Samuelsson,1964-03-26,Fagerstad,SWE,N/A,SWE,"6' 1""",205,L,D
8451122,Tomas Sandstrom,Tomas,Sandstrom,1964-09-04,Jakobstad,FIN,N/A,SWE,"6' 2""",205,L,R
8451146,Denis Savard,Denis,Savard,1961-02-04,Pointe Gatineau,CAN,QC,CAN,"5' 10""",175,R,C
8451224,Mathieu Schneider,Mathieu,Schneider,1969-06-12,New York City,USA,NY,USA,"5' 11""",192,L,D
8451293,Brent Severyn,Brent,Severyn,1966-02-22,Vegreville,CAN,AB,CAN,"6' 2""",211,L,L
8451302,Brendan Shanahan,Brendan,Shanahan,1969-01-23,Mimico,CAN,ON,CAN,"6' 3""",220,R,L
8451427,Brian Skrudland,Brian,Skrudland,1963-07-31,Peace River,CAN,AB,CAN,"6' 0""",195,L,C
8451657,Paul Stanton,Paul,Stanton,1967-06-22,Boston,USA,MA,USA,"6' 1""",200,R,D
8451711,Kevin Stevens,Kevin,Stevens,1965-04-15,Brockton,USA,MA,USA,"6' 3""",231,L,L
8451715,Scott Stevens,Scott,Stevens,1964-04-01,Kitchener,CAN,ON,CAN,"6' 2""",215,L,D
8451805,Ken Sutton,Ken,Sutton,1969-11-05,Edmonton,CAN,AB,CAN,"6' 1""",205,L,D
8451836,Peter Taglianetti,Peter,Taglianetti,1963-08-15,Framingham,USA,MA,USA,"6' 2""",195,L,D
8451860,Chris Terreri,Chris,Terreri,1964-11-15,Providence,USA,RI,USA,"5' 9""",170,L,G
8451905,Esa Tikkanen,Esa,Tikkanen,1965-01-25,Helsinki,FIN,N/A,FIN,"6' 1""",200,L,L
8451925,Rick Tocchet,Rick,Tocchet,1964-04-09,Scarborough,CAN,ON,CAN,"6' 0""",210,R,R
8451965,Bryan Trottier,Bryan,Trottier,1956-07-17,Val Marie,CAN,SK,CAN,"5' 11""",195,L,C
8451994,Darren Turcotte,Darren,Turcotte,1968-03-02,Boston,USA,MA,USA,"6' 0""",190,L,C
8452216,Pat Verbeek,Pat,Verbeek,1964-05-24,Sarnia,CAN,ON,CAN,"5' 9""",190,R,R
8452217,Mike Vernon,Mike,Vernon,1963-02-24,Calgary,CAN,AB,CAN,"5' 9""",175,L,G
8452366,Jay Wells,Jay,Wells,1959-05-18,Paris,CAN,ON,CAN,"6' 1""",210,L,D
8452371,Glen Wesley,Glen,Wesley,1968-10-02,Red Deer,CAN,AB,CAN,"6' 1""",207,L,D
8452516,Craig Wolanin,Craig,Wolanin,1967-07-27,Grosse Pointe,USA,MI,USA,"6' 4""",215,L,D
8452535,Ken Wregget,Ken,Wregget,1964-03-25,Brandon,CAN,MB,CAN,"6' 1""",201,L,G
8452569,Scott Young,Scott,Young,1967-10-01,Clinton,USA,MA,USA,"6' 1""",200,R,R
8452576,Wendell Young,Wendell,Young,1963-08-01,Halifax,CAN,NS,CAN,"5' 9""",181,L,G
8452578,Steve Yzerman,Steve,Yzerman,1965-05-09,Cranbrook,CAN,BC,CAN,"5' 10""",187,R,C
8455429,Tony Amonte,Tony,Amonte,1970-08-02,Hingham,USA,MA,USA,"6' 0""",202,L,R
8455441,Peter Andersson,Peter,Andersson,1965-08-29,Orebro,SWE,N/A,SWE,"6' 0""",196,L,D
8455564,Jesse Belanger,Jesse,Belanger,1969-06-15,St-Georges De Beauce,CAN,QC,CAN,"6' 1""",190,R,C
8455653,Brad Bombardir,Brad,Bombardir,1972-05-05,Powell River,CAN,BC,CAN,"6' 1""",205,L,D
8455710,Martin Brodeur,Martin,Brodeur,1972-05-06,Montréal,CAN,QC,CAN,"6' 2""",220,L,G
8455801,Patrik Carnback,Patrik,Carnback,1968-02-01,Gothenburg,SWE,N/A,SWE,"6' 0""",205,L,R
8455843,Eric Charron,Eric,Charron,1970-01-14,Verdun,CAN,QC,CAN,"6' 3""",215,L,D
8456024,Kevin Dean,Kevin,Dean,1969-04-01,Madison,USA,WI,USA,"6' 3""",205,L,D
8456080,Paul Di Pietro,Paul,Di Pietro,1970-09-08,Sault Ste. Marie,CAN,ON,CHE,"5' 8""",179,R,C
8456100,Jim Dowd,Jim,Dowd,1968-12-25,Brick,USA,NJ,USA,"6' 0""",180,R,C
8456106,Dallas Drake,Dallas,Drake,1969-02-04,Trail,CAN,BC,CAN,"6' 0""",186,L,R
8456182,David Emma,David,Emma,1969-01-14,Cranston,USA,RI,USA,"5' 10""",187,L,C
8456283,Adam Foote,Adam,Foote,1971-07-10,Toronto,CAN,ON,CAN,"6' 2""",220,R,D
8456430,Travis Green,Travis,Green,1970-12-20,Castlegar,CAN,BC,CAN,"6' 2""",200,R,C
8456464,Bill Guerin,Bill,Guerin,1970-11-09,Worcester,USA,MA,USA,"6' 2""",220,R,R
8456496,Ben Hankinson,Ben,Hankinson,1969-05-01,Edina,USA,MN,USA,"6' 2""",210,R,R
8456531,Derian Hatcher,Derian,Hatcher,1972-06-04,Sterling Heights,USA,MI,USA,"6' 5""",235,L,D
8456547,Bret Hedican,Bret,Hedican,1970-08-10,St. Paul,USA,MN,USA,"6' 2""",210,L,D
8456595,Sean Hill,Sean,Hill,1970-02-14,Duluth,USA,MN,USA,"6' 0""",204,R,D
8456597,Jim Hiller,Jim,Hiller,1969-05-13,Port Alberni,CAN,BC,CAN,"6' 0""",190,R,R
8456734,Greg Johnson,Greg,Johnson,1971-03-16,Thunder Bay,CAN,ON,CAN,"5' 11""",200,L,C
8456770,Valeri Kamensky,Valeri,Kamensky,1966-04-18,Voskresensk,RUS,N/A,RUS,"6' 2""",205,R,L
8456793,Alexander Karpovtsev,Alexander,Karpovtsev,1970-04-07,Moscow,RUS,N/A,RUS,"6' 3""",221,L,D
8456848,Patric Kjellberg,Patric,Kjellberg,1969-06-17,Trelleborg,SWE,N/A,SWE,"6' 3""",210,L,L
8456852,Jon Klemm,Jon,Klemm,1970-01-08,Cranbrook,CAN,BC,CAN,"6' 2""",205,R,D
8456870,Vladimir Konstantinov,Vladimir,Konstantinov,1967-03-19,Murmansk,RUS,N/A,RUS,"6' 0""",195,R,D
8456882,Andrei Kovalenko,Andrei,Kovalenko,1970-06-07,Balakovo,RUS,N/A,RUS,"5' 10""",215,L,R
8456887,Vyacheslav Kozlov,Vyacheslav,Kozlov,1972-05-03,Voskresensk,RUS,N/A,RUS,"5' 10""",190,L,L
8456932,Daniel Lacroix,Daniel,Lacroix,1969-03-11,Montréal,CAN,QC,CAN,"6' 2""",205,L,C
8457063,Nicklas Lidstrom,Nicklas,Lidstrom,1970-04-28,Vasteras,SWE,N/A,SWE,"6' 1""",192,L,D
8457186,Mark Major,Mark,Major,1970-03-20,Toronto,CAN,ON,CAN,"6' 3""",223,L,L
8457191,Vladimir Malakhov,Vladimir,Malakhov,1968-08-30,Sverdlovskurg,RUS,N/A,RUS,"6' 4""",230,L,D
8457261,Brad May,Brad,May,1971-11-29,Toronto,CAN,ON,CAN,"6' 1""",213,L,L
8457264,Chris McAlpine,Chris,McAlpine,1971-12-01,Roseville,USA,MN,USA,"6' 1""",215,R,D
8457297,Shawn McEachern,Shawn,McEachern,1969-02-28,Waltham,USA,MA,USA,"5' 11""",200,L,L
8457372,Joby Messier,Joby,Messier,1970-03-02,Regina,CAN,SK,CAN,"6' 1""",207,R,D
8457384,Aaron Miller,Aaron,Miller,1971-08-11,Buffalo,USA,NY,USA,"6' 3""",210,R,D
8457403,Jaroslav Modry,Jaroslav,Modry,1971-02-27,eské Budjovice,CZE,N/A,CZE,"6' 2""",220,L,D
8457421,Ian Moran,Ian,Moran,1972-08-24,Cleveland,USA,OH,USA,"5' 11""",197,R,D
8457451,Glenn Mulvenna,Glenn,Mulvenna,1967-02-18,Calgary,CAN,AB,GBR,"5' 11""",187,L,C
8457481,Michael Needham,Michael,Needham,1970-04-04,Calgary,CAN,AB,CAN,"5' 10""",185,R,R
8457490,Todd Nelson,Todd,Nelson,1969-05-15,Prince Albert,CAN,SK,CAN,"6' 0""",201,L,D
8457491,Sergei Nemchinov,Sergei,Nemchinov,1964-01-14,Moscow,RUS,N/A,RUS,"6' 1""",205,L,L
8457686,Derek Plante,Derek,Plante,1971-01-17,Cloquet,USA,MN,USA,"5' 11""",181,L,C
8457704,Shjon Podein,Shjon,Podein,1968-03-05,Rochester,USA,MN,USA,"6' 2""",200,L,L
8457849,Ed Ronan,Ed,Ronan,1968-03-21,Quincy,USA,MA,USA,"6' 0""",197,R,R
8457969,Corey Schwab,Corey,Schwab,1970-11-04,North Battleford,CAN,SK,CAN,"6' 0""",180,L,G
8457981,Teemu Selanne,Teemu,Selanne,1970-07-03,Helsinki,FIN,N/A,FIN,"6' 0""",209,R,R
8457983,Alexander Semak,Alexander,Semak,1966-02-11,Ufa,RUS,N/A,RUS,"5' 10""",190,R,C
8458031,Chris Simon,Chris,Simon,1972-01-30,Wawa,CAN,ON,CAN,"6' 3""",232,L,L
8458036,Reid Simpson,Reid,Simpson,1969-05-21,Flin Flon,CAN,MB,CAN,"6' 2""",216,L,L
8458048,John Slaney,John,Slaney,1972-02-07,St. John's,CAN,NL,CAN,"6' 0""",190,L,D
8458052,Jiri Slegr,Jiri,Slegr,1971-05-30,Jihlava,CZE,N/A,CZE,"6' 1""",210,L,D
8458058,Richard Smehlik,Richard,Smehlik,1970-01-23,Ostrava,CZE,N/A,CZE,"6' 3""",230,L,D
8458125,Turner Stevenson,Turner,Stevenson,1972-05-18,Prince George,CAN,BC,CAN,"6' 3""",230,R,R
8458172,Darryl Sydor,Darryl,Sydor,1972-05-13,Edmonton,CAN,AB,CAN,"6' 1""",211,L,D
8458192,Tim Taylor,Tim,Taylor,1969-02-06,Stratford,CAN,ON,CAN,"6' 1""",190,L,C
8458266,Roman Turek,Roman,Turek,1970-05-21,Strakonice,CZE,N/A,CZE,"6' 4""",222,R,G
8458361,Doug Weight,Doug,Weight,1971-01-21,Detroit,USA,MI,USA,"5' 11""",202,L,C
8458483,Valeri Zelepukin,Valeri,Zelepukin,1968-09-17,Voskresensk,RUS,N/A,RUS,"6' 1""",200,L,L
8458494,Sergei Zubov,Sergei,Zubov,1970-07-22,Moscow,RUS,N/A,RUS,"6' 1""",198,R,D
8458517,Scott Niedermayer,Scott,Niedermayer,1973-08-31,Edmonton,CAN,AB,CAN,"6' 1""",194,L,D
8458519,Aaron Ward,Aaron,Ward,1973-01-17,Windsor,CAN,ON,CAN,"6' 2""",209,R,D
8458520,Peter Forsberg,Peter,Forsberg,1973-07-20,Ornskoldsvik,SWE,N/A,SWE,"6' 0""",205,L,C
8458522,Richard Matvichuk,Richard,Matvichuk,1973-02-05,Edmonton,CAN,AB,CAN,"6' 3""",210,L,D
8458524,Martin Lapointe,Martin,Lapointe,1973-09-12,Ville St. Pierre,CAN,QC,CAN,"5' 11""",215,R,R
8458525,Brian Rolston,Brian,Rolston,1973-02-21,Flint,USA,MI,USA,"6' 2""",215,L,R
8458527,Philippe Boucher,Philippe,Boucher,1973-03-24,St. Apollinaire,CAN,QC,CAN,"6' 3""",218,R,D
8458529,Alex Kovalev,Alex,Kovalev,1973-02-24,Togliatti,RUS,N/A,RUS,"6' 2""",222,L,R
8458534,Martin Rucinsky,Martin,Rucinsky,1971-03-11,Most,CZE,N/A,CZE,"6' 1""",205,L,L
8458537,Ray Whitney,Ray,Whitney,1972-05-08,Fort Saskatchewan,CAN,AB,CAN,"5' 10""",180,R,L
8458538,Rene Corbet,Rene,Corbet,1973-06-25,Victoriaville,CAN,QC,CAN,"6' 0""",187,L,L
8458543,Jassen Cullimore,Jassen,Cullimore,1972-12-04,Simcoe,CAN,ON,CAN,"6' 5""",235,L,D
8458544,Sandis Ozolinsh,Sandis,Ozolinsh,1972-08-03,Riga,LVA,N/A,LVA,"6' 3""",215,L,D
8458546,Jamie Pushor,Jamie,Pushor,1973-02-11,Lethbridge,CAN,AB,CAN,"6' 3""",218,R,D
8458557,Craig Darby,Craig,Darby,1972-09-26,Oneida,USA,NY,USA,"6' 3""",205,R,C
8458568,Chris Osgood,Chris,Osgood,1972-11-26,Peace River,CAN,AB,CAN,"5' 10""",180,L,G
8458590,Mike Knuble,Mike,Knuble,1972-07-04,Toronto,CAN,ON,USA,"6' 3""",229,R,R
8458637,Sean O'Donnell,Sean,O'Donnell,1971-10-13,Ottawa,CAN,ON,CAN,"6' 2""",238,L,D
8458641,Oleg Petrov,Oleg,Petrov,1971-04-18,Moscow,RUS,N/A,RUS,"5' 9""",172,L,R
8458666,Kelly Fairchild,Kelly,Fairchild,1973-04-09,Hibbing,USA,MN,USA,"5' 11""",198,L,C
8458672,Dmitri Mironov,Dmitri,Mironov,1965-12-25,Moscow,RUS,N/A,RUS,"6' 4""",227,R,D
8458805,Janne Laukkanen,Janne,Laukkanen,1970-03-19,Lahti,FIN,N/A,FIN,"6' 1""",187,L,D
8458943,Cory Stillman,Cory,Stillman,1973-12-20,Peterborough,CAN,ON,CAN,"6' 0""",193,L,L
8458951,Sergei Gonchar,Sergei,Gonchar,1974-04-13,Chelyabinsk,RUS,N/A,RUS,"6' 2""",210,L,D
8458954,Jason Smith,Jason,Smith,1973-11-02,Calgary,CAN,AB,CAN,"6' 3""",220,R,D
8458959,Grant Marshall,Grant,Marshall,1973-06-09,Mississauga,CAN,ON,CAN,"6' 1""",200,R,R
8458964,Paul Brousseau,Paul,Brousseau,1973-09-18,Pierrefonds,CAN,QC,CAN,"6' 2""",212,R,R
8458978,Sergei Brylin,Sergei,Brylin,1974-01-13,Moscow,RUS,N/A,RUS,"5' 10""",190,L,L
8458982,Darren McCarty,Darren,McCarty,1972-04-01,Burnaby,CAN,BC,CAN,"6' 1""",210,R,R
8458984,Mattias Norstrom,Mattias,Norstrom,1972-01-02,Stockholm,SWE,N/A,SWE,"6' 2""",210,L,D
8458988,Manny Fernandez,Manny,Fernandez,1974-08-27,Etobicoke,CAN,ON,CAN,"6' 0""",207,L,G
8459001,Kirk Maltby,Kirk,Maltby,1972-12-22,Guelph,CAN,ON,CAN,"6' 0""",195,R,L
8459010,Aaron Gavey,Aaron,Gavey,1974-02-22,Sudbury,CAN,ON,CAN,"6' 2""",189,L,C
8459024,Jere Lehtinen,Jere,Lehtinen,1973-06-24,Espoo,FIN,N/A,FIN,"6' 0""",194,R,R
8459122,Stephane Yelle,Stephane,Yelle,1974-05-09,Ottawa,CAN,ON,CAN,"6' 2""",182,L,C
8459140,Nikolai Khabibulin,Nikolai,Khabibulin,1973-01-13,Sverdlovsk,RUS,N/A,RUS,"6' 1""",208,L,G
8459223,Pascal Rheaume,Pascal,Rheaume,1973-06-21,Quebec City,CAN,QC,CAN,"6' 1""",210,L,C
8459308,Manny Legace,Manny,Legace,1973-02-04,Toronto,CAN,ON,CAN,"5' 10""",200,L,G
8459357,Kevin Hodson,Kevin,Hodson,1972-03-27,Winnipeg,CAN,MB,CAN,"6' 0""",182,L,G
8459424,Chris Pronger,Chris,Pronger,1974-10-10,Dryden,CAN,ON,CAN,"6' 6""",220,L,D
8459427,Rob Niedermayer,Rob,Niedermayer,1974-12-28,Cassiar,CAN,BC,CAN,"6' 2""",203,L,C
8459429,Jason Arnott,Jason,Arnott,1974-10-11,Collingwood,CAN,ON,CAN,"6' 5""",220,R,C
8459432,Jocelyn Thibault,Jocelyn,Thibault,1975-01-12,Montréal,CAN,QC,CAN,"5' 11""",169,L,G
8459435,Denis Pederson,Denis,Pederson,1975-09-10,Prince Albert,CAN,SK,CAN,"6' 2""",205,R,C
8459436,Adam Deadmarsh,Adam,Deadmarsh,1975-05-10,Trail,CAN,BC,USA,"6' 0""",205,R,R
8459441,Landon Wilson,Landon,Wilson,1975-03-13,St. Louis,USA,MO,USA,"6' 3""",224,R,R
8459443,Anders Eriksson,Anders,Eriksson,1975-01-09,Bollnas,SWE,N/A,SWE,"6' 3""",224,L,D
8459446,Kevyn Adams,Kevyn,Adams,1974-10-08,Washington,USA,DC,USA,"6' 1""",200,R,C
8459454,Jay Pandolfo,Jay,Pandolfo,1974-12-27,Winchester,USA,MA,USA,"6' 1""",190,L,L
8459457,Jamie Langenbrunner,Jamie,Langenbrunner,1975-07-24,Cloquet,USA,MN,USA,"6' 1""",205,R,R
8459461,Brendan Morrison,Brendan,Morrison,1975-08-15,Pitt Meadows,CAN,BC,CAN,"5' 11""",176,L,C
8459486,Krzysztof Oliwa,Krzysztof,Oliwa,1973-04-12,Tychy,POL,N/A,POL,"6' 5""",245,L,L
8459514,Jamal Mayers,Jamal,Mayers,1974-10-24,Toronto,CAN,ON,CAN,"6' 1""",222,R,R
8459534,Miroslav Satan,Miroslav,Satan,1974-10-22,Topolcany,SVK,N/A,SVK,"6' 3""",191,L,R
8459538,Nolan Pratt,Nolan,Pratt,1975-08-14,Fort McMurray,CAN,AB,CAN,"6' 3""",207,L,D
8459549,Norm Maracle,Norm,Maracle,1974-10-02,Belleville,CAN,ON,CAN,"5' 9""",175,L,G
8459550,Anders Myrvold,Anders,Myrvold,1975-08-12,Lorenskog,NOR,N/A,NOR,"6' 1""",178,L,D
8459566,Steve Brule,Steve,Brule,1975-01-15,Montréal,CAN,QC,CAN,"6' 0""",200,R,C
8459587,Todd Marchant,Todd,Marchant,1973-08-12,Buffalo,USA,NY,USA,"5' 10""",180,L,C
8459628,Hal Gill,Hal,Gill,1975-04-06,Concord,USA,MA,USA,"6' 7""",243,L,D
8459654,Joel Prpic,Joel,Prpic,1974-09-25,Sudbury,CAN,ON,CAN,"6' 6""",236,L,C
8459670,Kimmo Timonen,Kimmo,Timonen,1975-03-18,Kuopio,FIN,N/A,FIN,"5' 10""",194,L,D
8460012,Eric Messier,Eric,Messier,1973-10-29,Drummondville,CAN,QC,CAN,"6' 2""",197,L,L
8460014,Eric Bertrand,Eric,Bertrand,1975-04-16,St-Ephrem,CAN,QC,CAN,"6' 1""",205,L,L
8460254,Greg De Vries,Greg,De Vries,1973-01-04,Sundridge,CAN,ON,CAN,"6' 2""",205,L,D
8460465,Petr Sykora,Petr,Sykora,1976-11-19,Plzen,CZE,N/A,CZE,"6' 0""",190,L,R
8460482,Stephen Guolla,Stephen,Guolla,1973-03-15,Toronto,CAN,ON,CAN,"6' 0""",190,L,C
8460493,Oleg Tverdovsky,Oleg,Tverdovsky,1976-05-18,Donetsk,UKR,N/A,RUS,"6' 1""",211,L,D
8460501,Jeff Friesen,Jeff,Friesen,1976-08-05,Meadow Lake,CAN,SK,CAN,"6' 1""",212,L,L
8460504,Ethan Moreau,Ethan,Moreau,1975-09-22,Huntsville,CAN,ON,CAN,"6' 3""",223,L,L
8460509,Chris Dingman,Chris,Dingman,1976-07-06,Edmonton,CAN,AB,CAN,"6' 4""",244,L,L
8460510,Jason Botterill,Jason,Botterill,1976-05-19,Edmonton,CAN,AB,CAN,"6' 4""",217,L,L
8460513,Yan Golubovsky,Yan,Golubovsky,1976-03-09,Novosibirsk,RUS,N/A,RUS,"6' 3""",205,R,D
8460515,Vadim Sharifijanov,Vadim,Sharifijanov,1975-12-23,Ufa,RUS,N/A,RUS,"6' 0""",205,L,R
8460520,Stan Neckar,Stan,Neckar,1975-12-22,eské Budjovice,CZE,N/A,CZE,"6' 1""",214,L,D
8460521,Deron Quint,Deron,Quint,1976-03-12,Durham,USA,NH,USA,"6' 2""",192,L,D
8460526,Josef Marha,Josef,Marha,1976-06-02,Havlickuv Brod,CZE,N/A,CZE,"6' 1""",191,L,C
8460540,Mathieu Dandenault,Mathieu,Dandenault,1976-02-03,Sherbrooke,CAN,QC,CAN,"6' 0""",208,R,R
8460542,Patrik Elias,Patrik,Elias,1976-04-13,Trebic,CZE,N/A,CZE,"6' 1""",190,L,C
8460556,Freddy Modin,Freddy,Modin,1974-10-08,Sundsvall,SWE,N/A,SWE,"6' 4""",220,L,L
8460561,Sheldon Souray,Sheldon,Souray,1976-07-13,Elk Point,CAN,AB,CAN,"6' 4""",231,L,D
8460562,Chris Drury,Chris,Drury,1976-08-20,Trumbull,USA,CT,USA,"5' 10""",191,R,C
8460577,Milan Hejduk,Milan,Hejduk,1976-02-14,Usti,CZE,N/A,CZE,"6' 0""",190,R,R
8460580,Brad Lukowich,Brad,Lukowich,1976-08-12,Cranbrook,CAN,BC,CAN,"6' 1""",191,L,D
8460587,Jamie Wright,Jamie,Wright,1976-05-13,Kitchener,CAN,ON,CAN,"6' 0""",194,L,L
8460639,Andre Roy,Andre,Roy,1975-02-08,Port Chester,USA,NY,USA,"6' 4""",229,L,R
8460661,Shane Hnidy,Shane,Hnidy,1975-11-08,Neepawa,CAN,MB,CAN,"6' 2""",204,R,D
8460663,Ladislav Kohn,Ladislav,Kohn,1975-03-04,Uherské Hradiste,CZE,N/A,CZE,"5' 11""",200,L,R
8460689,Raymond Giroux,Raymond,Giroux,1976-07-20,North Bay,CAN,ON,CAN,"6' 1""",190,L,D
8460692,Jason Elliott,Jason,Elliott,1975-11-10,Inuvik,CAN,NT,CAN,"6' 2""",183,L,G
8460696,Frederic Cassivi,Frederic,Cassivi,1975-06-12,Sorel,CAN,QC,CAN,"6' 4""",220,L,G
8460703,Tim Thomas,Tim,Thomas,1974-04-15,Flint,USA,MI,USA,"5' 11""",201,L,G
8460715,John Grahame,John,Grahame,1975-08-31,Denver,USA,CO,USA,"6' 3""",220,L,G
8460743,Tomas Holmstrom,Tomas,Holmstrom,1973-01-23,Pitea,SWE,N/A,SWE,"6' 0""",200,L,L
8460770,Kim Johnsson,Kim,Johnsson,1976-03-16,Malmo,SWE,N/A,SWE,"6' 1""",193,L,D
8462037,Steve Kelly,Steve,Kelly,1976-10-26,Vancouver,CAN,BC,CAN,"6' 2""",210,L,C
8462044,Jean-Sebastien Giguere,Jean-Sebastien,Giguere,1977-05-16,Montréal,CAN,QC,CAN,"6' 1""",202,L,G
8462056,Maxim Kuznetsov,Maxim,Kuznetsov,1977-03-24,Pavlodar,RUS,N/A,RUS,"6' 5""",230,L,D
8462082,Brad Larsen,Brad,Larsen,1977-06-28,Nakusp,CAN,BC,CAN,"6' 0""",210,L,L
8462085,Shane Willis,Shane,Willis,1977-06-13,Edmonton,CAN,AB,CAN,"6' 1""",195,R,R
8462087,Darryl Laplante,Darryl,Laplante,1977-03-28,Calgary,CAN,AB,CAN,"6' 0""",185,L,C
8462090,Petr Buzek,Petr,Buzek,1977-04-26,Jihlava,CZE,N/A,CZE,"6' 1""",220,L,D
8462096,Sergey Gusev,Sergey,Gusev,1975-07-31,Nizhny Tagil,RUS,N/A,RUS,"6' 1""",205,L,D
8462118,Marc Savard,Marc,Savard,1977-07-17,Ottawa,CAN,ON,CAN,"5' 10""",191,L,C
8462129,Michal Handzus,Michal,Handzus,1977-03-11,Banská Bystrica,SVK,N/A,SVK,"6' 5""",215,L,C
8462176,Brent Sopel,Brent,Sopel,1977-01-07,Calgary,CAN,AB,CAN,"6' 2""",205,R,D
8462600,Rob Shearer,Rob,Shearer,1976-10-19,Kitchener,CAN,ON,CAN,"5' 10""",190,R,C
8463638,Bryan Muir,Bryan,Muir,1973-06-08,Winnipeg,CAN,MB,CAN,"6' 3""",225,L,D
8464959,Ric Jackman,Ric,Jackman,1978-06-28,Toronto,CAN,ON,CAN,"6' 2""",214,R,D
8464960,Boyd Devereaux,Boyd,Devereaux,1978-04-16,Seaforth,CAN,ON,CAN,"6' 2""",195,L,C
8464976,Jesse Wallin,Jesse,Wallin,1978-03-10,Saskatoon,CAN,SK,CAN,"6' 2""",203,L,D
8464981,Cory Sarich,Cory,Sarich,1978-08-16,Saskatoon,CAN,SK,CAN,"6' 4""",207,R,D
8464989,Matt Cullen,Matt,Cullen,1976-11-02,Virginia,USA,MN,USA,"6' 1""",202,L,C
8464999,Mathieu Garon,Mathieu,Garon,1978-01-09,Chandler,CAN,QC,CAN,"6' 1""",198,R,G
8465002,Yuri Babenko,Yuri,Babenko,1978-01-02,Penza,RUS,N/A,RUS,"6' 1""",205,L,C
8465005,Colin White,Colin,White,1977-12-12,New Glasgow,CAN,NS,CAN,"6' 4""",215,L,D
8465009,Zdeno Chara,Zdeno,Chara,1977-03-18,Trencin,SVK,N/A,SVK,"6' 9""",250,L,D
8465016,Scott Parker,Scott,Parker,1978-01-29,Hanford,USA,CA,USA,"6' 5""",240,R,R
8465024,Jon Sim,Jon,Sim,1977-09-29,New Glasgow,CAN,NS,CAN,"5' 10""",189,L,L
8465058,Michal Rozsival,Michal,Rozsival,1978-09-03,Vlasim,CZE,N/A,CZE,"6' 1""",210,R,D
8465067,Jesse Boulerice,Jesse,Boulerice,1978-08-10,Plattsburgh,USA,NY,USA,"6' 2""",215,R,R
8465166,Craig Adams,Craig,Adams,1977-04-26,Seria,BRN,N/A,CAN,"6' 0""",200,R,R
8465175,Dan Hinote,Dan,Hinote,1977-01-30,Leesburg,USA,FL,USA,"6' 0""",187,R,R
8465185,Willie Mitchell,Willie,Mitchell,1977-04-23,Port McNeill,CAN,BC,CAN,"6' 3""",210,L,D
8465192,Samuel Pahlsson,Samuel,Pahlsson,1977-12-17,Ange,SWE,N/A,SWE,"6' 0""",202,L,C
8465200,Tomas Kaberle,Tomas,Kaberle,1978-03-02,Rakovnik,CZE,N/A,CZE,"6' 1""",212,L,D
8465210,Pavel Kubina,Pavel,Kubina,1977-04-15,Celadna,CZE,N/A,CZE,"6' 4""",258,R,D
8465250,Andrei Zyuzin,Andrei,Zyuzin,1978-01-21,Ufa,RUS,N/A,RUS,"6' 1""",208,L,D
8465951,Matt Cooke,Matt,Cooke,1978-09-07,Belleville,CAN,ON,CAN,"5' 11""",216,L,L
8465978,Shawn Thornton,Shawn,Thornton,1977-07-23,Oshawa,CAN,ON,CAN,"6' 2""",217,R,L
8465992,Aaron Downey,Aaron,Downey,1974-08-27,Shelburne,CAN,ON,CAN,"6' 1""",215,R,R
8466145,Nick Boynton,Nick,Boynton,1979-01-14,Nobleton,CAN,ON,CAN,"6' 1""",218,R,D
8466148,Marian Hossa,Marian,Hossa,1979-01-12,Stará Lubovna,SVK,N/A,SVK,"6' 1""",207,L,R
8466149,Daniel Cleary,Daniel,Cleary,1978-12-18,Carbonear,CAN,NL,CAN,"6' 1""",205,L,R
8466162,Ben Clymer,Ben,Clymer,1978-04-11,Bloom,USA,MN,USA,"6' 1""",200,R,R
8466183,Yuri Butsayev,Yuri,Butsayev,1978-10-11,Togliatti,RUS,N/A,RUS,"6' 0""",195,L,L
8466189,Rick Berry,Rick,Berry,1978-11-04,Birtle,CAN,MB,CAN,"6' 2""",213,L,D
8466210,Ville Nieminen,Ville,Nieminen,1977-04-06,Tampere,FIN,N/A,FIN,"6' 1""",220,L,L
8466261,Jiri Bicek,Jiri,Bicek,1978-12-03,Kosice,SVK,N/A,SVK,"5' 10""",195,L,R
8466285,Brian Campbell,Brian,Campbell,1979-05-23,Strathroy,CAN,ON,CAN,"5' 10""",192,L,D
8466290,David Aebischer,David,Aebischer,1978-02-07,Fribourg,CHE,N/A,CHE,"6' 1""",187,L,G
8466292,Todd Fedoruk,Todd,Fedoruk,1979-02-13,Redwater,CAN,AB,CAN,"6' 2""",232,L,L
8466320,Niklas Nordgren,Niklas,Nordgren,1979-06-28,Ornskoldsvik,SWE,N/A,SWE,"6' 0""",185,R,L
8466333,Andrew Ference,Andrew,Ference,1979-03-17,Edmonton,CAN,AB,CAN,"5' 11""",182,L,D
8466339,Scott Clemmensen,Scott,Clemmensen,1977-07-23,Des Moines,USA,IA,USA,"6' 2""",200,L,G
8466371,John Madden,John,Madden,1973-05-04,Toronto,CAN,ON,CAN,"5' 11""",190,L,C
8466378,Martin St. Louis,Martin,St. Louis,1975-06-18,Laval,CAN,QC,CAN,"5' 8""",180,L,R
8466393,Pascal Dupuis,Pascal,Dupuis,1979-04-07,Laval,CAN,QC,CAN,"6' 1""",205,L,R
8466399,Eric Perrin,Eric,Perrin,1975-11-01,Laval,CAN,QC,CAN,"5' 9""",180,L,C
8466971,Blake Sloan,Blake,Sloan,1975-07-27,Park Ridge,USA,IL,USA,"5' 10""",196,R,R
8467096,Dan Boyle,Dan,Boyle,1976-07-12,Ottawa,CAN,ON,CAN,"5' 11""",194,R,D
8467329,Vincent Lecavalier,Vincent,Lecavalier,1980-04-21,Ile Bizard,CAN,QC,CAN,"6' 4""",215,L,C
8467331,Brad Stuart,Brad,Stuart,1979-11-06,Rocky Mountain House,CAN,AB,CAN,"6' 2""",215,L,D
8467336,Mike Rupp,Mike,Rupp,1980-01-13,Cleveland,USA,OH,USA,"6' 5""",235,L,L
8467338,Alex Tanguay,Alex,Tanguay,1979-11-21,Ste-Justine,CAN,QC,CAN,"6' 1""",194,L,L
8467343,Martin Skoula,Martin,Skoula,1979-10-28,Litomerice,CZE,N/A,CZE,"6' 3""",226,L,D
8467344,Robyn Regehr,Robyn,Regehr,1980-04-19,Recife,BRA,N/A,CAN,"6' 3""",222,L,D
8467346,Simon Gagne,Simon,Gagne,1980-02-29,Ste. Foy,CAN,QC,CAN,"6' 1""",195,L,L
8467349,Jiri Fischer,Jiri,Fischer,1980-07-31,Horovice,CZE,N/A,CZE,"6' 5""",229,L,D
8467351,Scott Gomez,Scott,Gomez,1979-12-23,Anchorage,USA,AK,USA,"5' 11""",200,L,C
8467363,Christian Berglund,Christian,Berglund,1980-03-12,Orebro,SWE,N/A,SWE,"5' 11""",195,L,L
8467364,Philippe Sauve,Philippe,Sauve,1980-02-27,Buffalo,USA,NY,USA,"6' 0""",190,L,G
8467387,Joe DiPenta,Joe,DiPenta,1979-02-25,Barrie,CAN,ON,CAN,"6' 2""",220,R,D
8467389,Brad Richards,Brad,Richards,1980-05-02,Murray Harbour,CAN,PE,CAN,"6' 0""",199,L,C
8467396,Erik Cole,Erik,Cole,1978-11-06,Oswego,USA,NY,USA,"6' 2""",205,L,L
8467397,Dimitri Afanasenkov,Dimitri,Afanasenkov,1980-05-12,Arkhangelsk,RUS,N/A,RUS,"6' 2""",209,R,L
8467400,Francois Beauchemin,Francois,Beauchemin,1980-06-04,Sorel,CAN,QC,CAN,"5' 11""",208,L,D
8467407,Brian Gionta,Brian,Gionta,1979-01-18,Rochester,USA,NY,USA,"5' 7""",178,R,R
8467416,Josef Vasicek,Josef,Vasicek,1980-09-12,Havlickuv Brod,CZE,N/A,CZE,"6' 5""",214,L,C
8467430,Dany Sabourin,Dany,Sabourin,1980-09-02,Val-d'Or,CAN,QC,CAN,"6' 4""",204,L,G
8467452,Rob Scuderi,Rob,Scuderi,1978-12-30,Syosset,USA,NY,USA,"6' 1""",216,L,D
8467463,Mikael Samuelsson,Mikael,Samuelsson,1976-12-23,Mariefred,SWE,N/A,SWE,"6' 2""",218,R,R
8467466,Trent Hunter,Trent,Hunter,1980-07-05,Red Deer,CAN,AB,CAN,"6' 3""",217,R,R
8467478,Kent Huskins,Kent,Huskins,1979-05-04,Almonte,CAN,ON,CAN,"6' 4""",210,L,D
8467514,Pavel Datsyuk,Pavel,Datsyuk,1978-07-20,Sverdlovsk,RUS,N/A,RUS,"5' 11""",194,L,C
8467545,Michael Ryder,Michael,Ryder,1980-03-31,Bonavista,CAN,NL,CAN,"6' 1""",200,R,R
8467557,Martin Cibak,Martin,Cibak,1980-05-17,Liptovský Mikulá,SVK,N/A,SVK,"6' 1""",203,L,C
8467580,Mark Eaton,Mark,Eaton,1977-05-06,Wilmington,USA,DE,USA,"6' 1""",215,L,D
8467856,Brian Rafalski,Brian,Rafalski,1973-09-28,Dearborn,USA,MI,USA,"5' 10""",194,R,D
8467900,Ari Ahonen,Ari,Ahonen,1981-02-06,Jyväskylä,FIN,N/A,FIN,"6' 1""",190,L,G
8467915,Mike Commodore,Mike,Commodore,1979-11-07,Fort Saskatchewan,CAN,AB,CAN,"6' 4""",227,R,D
8467927,Andrew Hutchinson,Andrew,Hutchinson,1980-03-24,Evanston,USA,IL,USA,"6' 2""",195,R,D
8467937,Mike Zigomanis,Mike,Zigomanis,1981-01-17,Toronto,CAN,ON,CAN,"6' 0""",200,R,C
8467949,Frantisek Kaberle,Frantisek,Kaberle,1973-11-08,Kladno,CZE,N/A,CZE,"6' 0""",190,L,D
8467959,Sebastien Caron,Sebastien,Caron,1980-06-25,Amqui,CAN,QC,CAN,"6' 1""",170,L,G
8467967,Chris Kelly,Chris,Kelly,1980-11-11,Toronto,CAN,ON,CAN,"6' 0""",190,L,C
8468036,Bjorn Melin,Bjorn,Melin,1981-07-04,Jonkoping,SWE,N/A,SWE,"6' 1""",205,R,R
8468083,Henrik Zetterberg,Henrik,Zetterberg,1980-10-09,Njurunda,SWE,N/A,SWE,"6' 0""",197,L,C
8468085,Radim Vrbata,Radim,Vrbata,1981-06-13,Mlada Boleslav,CZE,N/A,CZE,"6' 1""",194,R,R
8468095,George Parros,George,Parros,1979-12-29,Washington,USA,PA,USA,"6' 5""",224,R,R
8468172,Ruslan Fedotenko,Ruslan,Fedotenko,1979-01-18,Kiev,UKR,N/A,UKR,"6' 1""",200,L,L
8468224,Sean Avery,Sean,Avery,1980-04-10,North York,CAN,ON,CAN,"5' 10""",195,L,L
8468252,Eric Godard,Eric,Godard,1980-03-07,Vernon,CAN,BC,CAN,"6' 4""",222,R,R
8468309,Mark Streit,Mark,Streit,1977-12-11,Bern,CHE,N/A,CHE,"5' 11""",186,L,D
8468432,Steve Reinprecht,Steve,Reinprecht,1976-05-07,Edmonton,CAN,AB,CAN,"6' 0""",188,L,C
8468434,Andy McDonald,Andy,McDonald,1977-08-25,Strathroy,CAN,ON,CAN,"5' 10""",175,L,C
8468483,Marian Gaborik,Marian,Gaborik,1982-02-14,Trencin,SVK,N/A,SVK,"6' 1""",200,L,R
8468493,Ron Hainsey,Ron,Hainsey,1981-03-24,Bolton,USA,CT,USA,"6' 3""",201,L,D
8468498,Brooks Orpik,Brooks,Orpik,1980-09-26,San Francisco,USA,CA,USA,"6' 3""",217,L,D
8468508,Justin Williams,Justin,Williams,1981-10-04,Cobourg,CAN,ON,CAN,"6' 1""",184,R,R
8468509,Niklas Kronwall,Niklas,Kronwall,1981-01-12,Stockholm,SWE,N/A,SWE,"6' 0""",194,L,D
8468510,Jeff Taffe,Jeff,Taffe,1981-02-19,Hastings,USA,MN,USA,"6' 3""",207,L,L
8468518,Tomas Kopecky,Tomas,Kopecky,1982-02-05,Ilava,SVK,N/A,SVK,"6' 3""",210,L,R
8468524,Ilya Bryzgalov,Ilya,Bryzgalov,1980-06-22,Togliatti,RUS,N/A,RUS,"6' 3""",213,L,G
8468526,Jarret Stoll,Jarret,Stoll,1982-06-24,Melville,CAN,SK,CAN,"6' 1""",216,R,C
8468534,Andreas Lilja,Andreas,Lilja,1975-07-13,Helsingborg,SWE,N/A,SWE,"6' 3""",220,L,D
8468535,Antoine Vermette,Antoine,Vermette,1982-07-20,St. Agapit,CAN,QC,CAN,"6' 1""",197,L,C
8468577,Niclas Wallin,Niclas,Wallin,1975-02-20,Boden,SWE,N/A,SWE,"6' 3""",220,L,D
8468615,Michael Danton,Michael,Danton,1980-10-21,Brampton,CAN,ON,CAN,"5' 9""",191,R,C
8468635,Travis Moen,Travis,Moen,1982-04-06,Stewart Valley,CAN,SK,CAN,"6' 2""",215,L,L
8468789,Jason Williams,Jason,Williams,1980-08-11,London,CAN,ON,CAN,"5' 11""",192,R,C
8469132,David Gove,David,Gove,1978-05-04,Centerville,USA,MA,USA,"5' 9""",190,L,L
8469456,Alexander Svitov,Alexander,Svitov,1982-11-03,Omsk,RUS,N/A,RUS,"6' 3""",228,L,C
8469458,Stanislav Chistov,Stanislav,Chistov,1983-04-17,Chelyabinsk,RUS,N/A,RUS,"5' 10""",193,R,R
8469501,Chris Thorburn,Chris,Thorburn,1983-06-03,Sault Ste. Marie,CAN,ON,CAN,"6' 3""",235,R,R
8469544,Patrick Sharp,Patrick,Sharp,1981-12-27,Winnipeg,CAN,MB,CAN,"6' 1""",200,R,L
8469548,Ray Emery,Ray,Emery,1982-09-28,Hamilton,CAN,ON,CAN,"6' 2""",196,L,G
8469619,Dennis Seidenberg,Dennis,Seidenberg,1981-07-18,Schwenningen,DEU,N/A,DEU,"6' 0""",199,L,D
8469658,Cristobal Huet,Cristobal,Huet,1975-09-03,Saint-Martin-d'Hères,FRA,N/A,FRA,"6' 1""",205,L,G
8469665,Johnny Oduya,Johnny,Oduya,1981-10-01,Stockholm,SWE,N/A,SWE,"6' 0""",191,L,D
8469675,Martin Gerber,Martin,Gerber,1974-09-03,Burgdorf,CHE,N/A,CHE,"6' 0""",205,L,G
8469779,Keith Aucoin,Keith,Aucoin,1978-11-06,Waltham,USA,MA,USA,"5' 8""",171,L,C
8469812,Chad LaRose,Chad,LaRose,1982-03-27,Fraser,USA,MI,USA,"5' 10""",181,R,R
8469992,Sheldon Brookbank,Sheldon,Brookbank,1980-10-03,Lanigan,CAN,SK,CAN,"6' 1""",202,R,D
8469997,Mark Hartigan,Mark,Hartigan,1977-10-15,Fort St. John,CAN,BC,CAN,"6' 0""",200,L,C
8470018,Matt Ellis,Matt,Ellis,1981-08-31,Welland,CAN,ON,CAN,"6' 0""",208,L,L
8470047,Valtteri Filppula,Valtteri,Filppula,1984-03-20,Vantaa,FIN,N/A,FIN,"6' 0""",189,L,C
8470061,Derek Meech,Derek,Meech,1984-04-21,Winnipeg,CAN,MB,CAN,"5' 11""",200,L,D
8470063,Adam Burish,Adam,Burish,1983-01-06,Madison,USA,WI,USA,"6' 1""",195,R,R
8470110,Trevor Daley,Trevor,Daley,1983-10-09,Toronto,CAN,ON,CAN,"5' 11""",199,L,D
8470121,Matt Greene,Matt,Greene,1983-05-13,Grand Ledge,USA,MI,USA,"6' 3""",236,R,D
8470147,Curtis McElhinney,Curtis,McElhinney,1983-05-23,London,CAN,ON,CAN,"6' 1""",210,L,G
8470151,Jay Bouwmeester,Jay,Bouwmeester,1983-09-27,Edmonton,CAN,AB,CAN,"6' 4""",206,L,D
8470169,Gregory Campbell,Gregory,Campbell,1983-12-17,London,CAN,ON,CAN,"6' 0""",188,L,C
8470171,Max Talbot,Max,Talbot,1984-02-11,Lemoyne,CAN,QC,CAN,"5' 11""",186,L,C
8470187,Johnny Boychuk,Johnny,Boychuk,1984-01-19,Edmonton,CAN,AB,CAN,"6' 2""",227,R,D
8470201,Jiri Hudler,Jiri,Hudler,1984-01-04,Olomouc,CZE,N/A,CZE,"5' 10""",190,L,R
8470230,Daniel Paille,Daniel,Paille,1984-04-15,Welland,CAN,ON,CAN,"6' 1""",200,L,L
8470257,Alexander Steen,Alexander,Steen,1984-03-01,Winnipeg,CAN,MB,SWE,"6' 0""",211,L,L
8470265,Anton Babchuk,Anton,Babchuk,1984-05-06,Kiev,UKR,N/A,UKR,"6' 5""",200,R,D
8470280,Ben Eager,Ben,Eager,1984-01-22,Ottawa,CAN,ON,CAN,"6' 2""",226,L,L
8470281,Duncan Keith,Duncan,Keith,1983-07-16,Winnipeg,CAN,MB,CAN,"6' 1""",192,L,D
8470283,Tim Brent,Tim,Brent,1984-03-10,Cambridge,CAN,ON,CAN,"6' 0""",188,R,C
8470295,Connor James,Connor,James,1982-08-25,Calgary,CAN,AB,CAN,"5' 10""",180,R,L
8470309,Ryan Whitney,Ryan,Whitney,1983-02-19,Boston,USA,MA,USA,"6' 4""",209,L,D
8470310,Aaron Rome,Aaron,Rome,1983-09-27,Nesbitt,CAN,MB,CAN,"6' 1""",220,L,D
8470318,Jonathan Ericsson,Jonathan,Ericsson,1984-03-02,Karlskrona,SWE,N/A,SWE,"6' 4""",218,L,D
8470320,Cam Ward,Cam,Ward,1984-02-29,Saskatoon,CAN,SK,CAN,"6' 1""",194,L,G
8470383,Chris Minard,Chris,Minard,1981-11-18,Owen Sound,CAN,ON,CAN,"6' 1""",190,L,L
8470543,Chris Kunitz,Chris,Kunitz,1979-09-26,Regina,CAN,SK,CAN,"6' 0""",188,L,L
8470564,Joe Motzko,Joe,Motzko,1980-03-14,Bemidji,USA,MN,USA,"6' 0""",184,R,R
8470594,Marc-Andre Fleury,Marc-Andre,Fleury,1984-11-28,Sorel,CAN,QC,CAN,"6' 2""",185,L,G
8470595,Eric Staal,Eric,Staal,1984-10-29,Thunder Bay,CAN,ON,CAN,"6' 4""",195,L,C
8470596,Nathan Horton,Nathan,Horton,1985-05-29,Welland,CAN,ON,CAN,"6' 2""",229,R,R
8470601,Braydon Coburn,Braydon,Coburn,1985-02-27,Shaunavon,CAN,SK,CAN,"6' 5""",224,L,D
8470604,Jeff Carter,Jeff,Carter,1985-01-01,London,CAN,ON,CAN,"6' 3""",219,R,C
8470606,Dustin Brown,Dustin,Brown,1984-11-04,Ithaca,USA,NY,USA,"6' 0""",205,R,R
8470607,Brent Seabrook,Brent,Seabrook,1985-04-20,Richmond,CAN,BC,CAN,"6' 3""",220,R,D
8470611,Eric Fehr,Eric,Fehr,1985-09-07,Winkler,CAN,MB,CAN,"6' 4""",209,R,C
8470612,Ryan Getzlaf,Ryan,Getzlaf,1985-05-10,Regina,CAN,SK,CAN,"6' 4""",220,R,C
8470614,Mark Stuart,Mark,Stuart,1984-04-27,Rochester,USA,MN,USA,"6' 2""",215,L,D
8470617,Mike Richards,Mike,Richards,1985-02-11,Kenora,CAN,ON,CAN,"5' 11""",196,L,C
8470621,Corey Perry,Corey,Perry,1985-05-16,Peterborough,CAN,ON,CAN,"6' 3""",208,R,R
8470624,Danny Richmond,Danny,Richmond,1984-08-01,Chicago,USA,IL,USA,"6' 1""",190,L,D
8470625,Ryan Stone,Ryan,Stone,1985-03-20,Calgary,CAN,AB,CAN,"6' 2""",207,L,C
8470638,Patrice Bergeron,Patrice,Bergeron,1985-07-24,L'Ancienne-Lorette,CAN,QC,CAN,"6' 1""",196,R,C
8470645,Corey Crawford,Corey,Crawford,1984-12-31,Montréal,CAN,QC,CAN,"6' 2""",216,L,G
8470657,Jimmy Howard,Jimmy,Howard,1984-03-26,Syracuse,USA,NY,USA,"6' 1""",218,L,G
8470662,Colin Fraser,Colin,Fraser,1985-01-28,Sicamous,CAN,BC,CAN,"6' 1""",190,L,C
8470666,Daniel Carcillo,Daniel,Carcillo,1985-01-28,King City,CAN,ON,CAN,"6' 0""",200,L,L
8470713,Paul Bissonnette,Paul,Bissonnette,1985-03-11,Welland,CAN,ON,CAN,"6' 2""",216,L,L
8470724,Kyle Quincey,Kyle,Quincey,1985-08-12,Kitchener,CAN,ON,CAN,"6' 2""",210,L,D
8470755,Brad Richardson,Brad,Richardson,1985-02-04,Belleville,CAN,ON,CAN,"6' 0""",190,L,R
8470778,Drew Miller,Drew,Miller,1984-02-17,Dover,USA,NJ,USA,"6' 2""",183,L,L
8470834,Dustin Byfuglien,Dustin,Byfuglien,1985-03-27,Roseau,USA,MN,USA,"6' 5""",260,R,D
8470839,Shane O'Brien,Shane,O'Brien,1983-08-09,Port Hope,CAN,ON,CAN,"6' 3""",230,L,D
8471011,Garrett Stafford,Garrett,Stafford,1980-01-28,Los Angeles,USA,CA,USA,"6' 1""",207,R,D
8471185,Curtis Glencross,Curtis,Glencross,1982-12-28,Kindersley,CAN,SK,CAN,"6' 1""",197,L,L
8471187,Brett Lebda,Brett,Lebda,1982-01-15,Buffalo Grove,USA,IL,USA,"5' 9""",195,L,D
8471208,Dustin Penner,Dustin,Penner,1982-09-28,Winkler,CAN,MB,CAN,"6' 4""",247,L,L
8471214,Alex Ovechkin,Alex,Ovechkin,1985-09-17,Moscow,RUS,N/A,RUS,"6' 3""",238,R,L
8471215,Evgeni Malkin,Evgeni,Malkin,1986-07-31,Magnitogorsk,RUS,N/A,RUS,"6' 3""",195,L,C
8471216,Cam Barker,Cam,Barker,1986-04-04,Winnipeg,CAN,MB,CAN,"6' 3""",223,L,D
8471217,Andrew Ladd,Andrew,Ladd,1985-12-12,Maple Ridge,CAN,BC,CAN,"6' 3""",205,L,L
8471218,Blake Wheeler,Blake,Wheeler,1986-08-31,Plymouth,USA,MN,USA,"6' 5""",220,R,R
8471240,Jeff Schultz,Jeff,Schultz,1986-02-25,Calgary,CAN,AB,CAN,"6' 6""",225,L,D
8471245,Dave Bolland,Dave,Bolland,1986-06-05,Mimico,CAN,ON,CAN,"6' 0""",184,R,C
8471254,Bryan Bickell,Bryan,Bickell,1986-03-09,Bowmanville,CAN,ON,CAN,"6' 4""",223,L,L
8471274,Alex Goligoski,Alex,Goligoski,1985-07-30,Grand Rapids,USA,MN,USA,"5' 11""",173,L,D
8471276,David Krejci,David,Krejci,1986-04-28,Sternberk,CZE,N/A,CZE,"6' 0""",192,R,C
8471299,Peter Regin,Peter,Regin,1986-04-16,Herning,DNK,N/A,DNK,"6' 2""",190,L,C
8471309,Johan Franzen,Johan,Franzen,1979-12-23,Vetlanda,SWE,N/A,SWE,"6' 4""",232,L,R
8471311,Tyler Kennedy,Tyler,Kennedy,1986-07-15,Sault Ste. Marie,CAN,ON,CAN,"5' 11""",185,R,C
8471331,Kevin Porter,Kevin,Porter,1986-03-12,Detroit,USA,MI,USA,"6' 0""",190,L,C
8471346,Kris Versteeg,Kris,Versteeg,1986-05-13,Lethbridge,CAN,AB,CAN,"5' 11""",176,R,R
8471352,Jake Dowell,Jake,Dowell,1985-03-04,Eau Claire,USA,WI,USA,"6' 0""",200,L,C
8471386,Scott Parse,Scott,Parse,1984-09-05,Portage,USA,MI,USA,"5' 11""",189,R,L
8471426,Troy Brouwer,Troy,Brouwer,1985-08-17,Vancouver,CAN,BC,CAN,"6' 3""",213,R,R
8471436,Matt Hunwick,Matt,Hunwick,1985-05-21,Warren,USA,MI,USA,"5' 11""",194,L,D
8471480,Janne Pesonen,Janne,Pesonen,1982-05-11,Suomussalmi,FIN,N/A,FIN,"5' 11""",180,L,L
8471514,Rich Peverley,Rich,Peverley,1982-07-08,Kingston,CAN,ON,CAN,"5' 11""",195,R,C
8471526,Michael Wall,Michael,Wall,1985-07-25,Telkwa,CAN,BC,CAN,"6' 2""",209,L,G
8471634,Ryan Shannon,Ryan,Shannon,1983-03-02,Darien,USA,CT,USA,"5' 9""",175,R,R
8471668,Mattias Ritola,Mattias,Ritola,1987-03-14,Borlange,SWE,N/A,SWE,"6' 0""",192,L,C
8471675,Sidney Crosby,Sidney,Crosby,1987-08-07,Cole Harbour,CAN,NS,CAN,"5' 11""",200,L,C
8471677,Jack Johnson,Jack,Johnson,1987-01-13,Indianapolis,USA,IN,USA,"6' 1""",227,L,D
8471681,Jack Skille,Jack,Skille,1987-05-19,Madison,USA,WI,USA,"6' 1""",216,R,R
8471685,Anze Kopitar,Anze,Kopitar,1987-08-24,Jesenice,SVN,N/A,SVN,"6' 3""",225,L,C
8471695,Tuukka Rask,Tuukka,Rask,1987-03-10,Savonlinna,FIN,N/A,FIN,"6' 3""",176,L,G
8471698,T.J. Oshie,T.J.,Oshie,1986-12-23,Everett,USA,WA,USA,"6' 0""",187,R,R
8471699,Andrew Cogliano,Andrew,Cogliano,1987-06-14,Toronto,CAN,ON,CAN,"5' 10""",179,L,C
8471702,Matt Niskanen,Matt,Niskanen,1986-12-06,Virginia,USA,MN,USA,"6' 1""",203,R,D
8471710,Taylor Chorney,Taylor,Chorney,1987-04-27,Thunder Bay,CAN,ON,CAN,"6' 0""",193,L,D
8471716,Justin Abdelkader,Justin,Abdelkader,1987-02-25,Muskegon,USA,MI,USA,"6' 2""",213,L,L
8471717,Adam McQuaid,Adam,McQuaid,1986-10-12,Charlottetown,CAN,PE,CAN,"6' 4""",210,R,D
8471724,Kris Letang,Kris,Letang,1987-04-24,Montréal,CAN,QC,CAN,"6' 0""",201,R,D
8471734,Jonathan Quick,Jonathan,Quick,1986-01-21,Milford,USA,CT,USA,"6' 1""",220,L,G
8471736,Radek Smolenak,Radek,Smolenak,1986-12-03,Prague,CZE,N/A,CZE,"6' 2""",207,L,L
8471761,Chris Butler,Chris,Butler,1986-10-27,St. Louis,USA,MO,USA,"6' 1""",196,L,D
8471769,Niklas Hjalmarsson,Niklas,Hjalmarsson,1987-06-06,Eksjo,SWE,N/A,SWE,"6' 3""",197,L,D
8471794,Darren Helm,Darren,Helm,1987-01-21,St. Andrews,CAN,MB,CAN,"6' 0""",192,L,C
8471879,Kyle Cumiskey,Kyle,Cumiskey,1986-12-02,Abbotsford,CAN,BC,CAN,"5' 11""",180,L,D
8471887,Patric Hornqvist,Patric,Hornqvist,1987-01-01,Sollentuna,SWE,N/A,SWE,"5' 11""",189,R,R
8471956,Andrew Desjardins,Andrew,Desjardins,1986-07-27,Lively,CAN,ON,CAN,"6' 1""",195,L,L
8472361,Bill Thomas,Bill,Thomas,1983-06-20,Pittsburgh,USA,PA,USA,"6' 1""",185,R,R
8472370,Jordan Hendry,Jordan,Hendry,1984-02-23,Lanigan,CAN,SK,CAN,"6' 0""",194,L,D
8473419,Brad Marchand,Brad,Marchand,1988-05-11,Halifax,CAN,NS,CAN,"5' 9""",176,L,L
8473434,Chad Johnson,Chad,Johnson,1986-06-10,Saskatoon,CAN,SK,CAN,"6' 3""",197,L,G
8473446,Erik Johnson,Erik,Johnson,1988-03-21,Bloomington,USA,MN,USA,"6' 4""",225,R,D
8473453,Trevor Lewis,Trevor,Lewis,1987-01-08,Salt Lake City,USA,UT,USA,"6' 1""",201,R,C
8473473,Milan Lucic,Milan,Lucic,1988-06-07,Vancouver,CAN,BC,CAN,"6' 3""",240,L,L
8473533,Jordan Staal,Jordan,Staal,1988-09-10,Thunder Bay,CAN,ON,CAN,"6' 4""",220,L,C
8473537,Viktor Stalberg,Viktor,Stalberg,1986-01-17,Gothenburg,SWE,N/A,SWE,"6' 3""",209,L,L
8473541,Jonathan Bernier,Jonathan,Bernier,1988-08-07,Laval,CAN,QC,CAN,"6' 0""",185,L,G
8473542,Tom Sestito,Tom,Sestito,1987-09-28,Rome,USA,NY,USA,"6' 5""",228,L,L
8473548,Phil Kessel,Phil,Kessel,1987-10-02,Madison,USA,WI,USA,"5' 11""",208,R,R
8473553,Jeff Zatkoff,Jeff,Zatkoff,1987-06-09,Detroit,USA,MI,USA,"6' 2""",186,L,G
8473563,Nicklas Backstrom,Nicklas,Backstrom,1987-11-23,Gavle,SWE,N/A,SWE,"6' 1""",202,L,C
8473564,Michael Frolik,Michael,Frolik,1988-02-17,Kladno,CZE,N/A,CZE,"6' 1""",186,L,R
8473604,Jonathan Toews,Jonathan,Toews,1988-04-29,Winnipeg,CAN,MB,CAN,"6' 2""",201,L,C
8473646,Ryan Carter,Ryan,Carter,1983-08-03,White Bear Lake,USA,MN,USA,"6' 1""",205,L,L
8473682,Andrew Ebbett,Andrew,Ebbett,1983-01-02,Vernon,CAN,BC,CAN,"5' 9""",174,L,C
8473734,Tim Wallace,Tim,Wallace,1984-08-06,Anchorage,USA,AK,USA,"6' 1""",207,R,R
8473908,Kevin Westgarth,Kevin,Westgarth,1984-02-07,Amherstburg,CAN,ON,CAN,"6' 4""",234,R,R
8473933,Ben Lovejoy,Ben,Lovejoy,1984-02-20,Concord,USA,NH,USA,"6' 1""",205,R,D
8473986,Alex Killorn,Alex,Killorn,1989-09-14,Halifax,CAN,NS,CAN,"6' 1""",194,L,C
8473997,Luca Caputi,Luca,Caputi,1988-10-01,Toronto,CAN,ON,CAN,"6' 3""",200,L,L
8474000,Steven Kampfer,Steven,Kampfer,1988-09-24,Ann Arbor,USA,MI,USA,"5' 11""",198,R,D
8474009,Nick Bonino,Nick,Bonino,1988-04-20,Hartford,USA,CT,USA,"6' 1""",195,L,C
8474013,Ian Cole,Ian,Cole,1989-02-21,Ann Arbor,USA,MI,USA,"6' 1""",225,L,D
8474031,Kevin Shattenkirk,Kevin,Shattenkirk,1989-01-29,New Rochelle,USA,NY,USA,"6' 0""",212,R,D
8474034,Pat Maroon,Pat,Maroon,1988-04-23,St. Louis,USA,MO,USA,"6' 3""",234,L,L
8474045,Zach Hamill,Zach,Hamill,1988-09-23,Vancouver,CAN,BC,CAN,"5' 11""",180,R,C
8474061,Anthony Peluso,Anthony,Peluso,1989-04-18,North York,CAN,ON,CAN,"6' 3""",225,R,R
8474100,Dwight King,Dwight,King,1989-07-05,Meadow Lake,CAN,SK,CAN,"6' 4""",229,L,L
8474102,David Perron,David,Perron,1988-05-28,Sherbrooke,CAN,QC,CAN,"6' 1""",196,R,L
8474125,Carl Gunnarsson,Carl,Gunnarsson,1986-11-09,Orebro,SWE,N/A,SWE,"6' 2""",198,L,D
8474138,Dustin Jeffrey,Dustin,Jeffrey,1988-02-27,Sarnia,CAN,ON,CAN,"6' 1""",205,L,L
8474141,Patrick Kane,Patrick,Kane,1988-11-19,Buffalo,USA,NY,USA,"5' 10""",177,L,R
8474145,Robert Bortuzzo,Robert,Bortuzzo,1989-03-18,Thunder Bay,CAN,ON,CAN,"6' 4""",216,R,D
8474151,Ryan McDonagh,Ryan,McDonagh,1989-06-13,St. Paul,USA,MN,USA,"6' 1""",215,L,D
8474152,Scott Darling,Scott,Darling,1988-12-22,Newport News,USA,VA,USA,"6' 5""",226,L,G
8474162,Jake Muzzin,Jake,Muzzin,1989-02-21,Woodstock,CAN,ON,CAN,"6' 3""",227,L,D
8474166,Alec Martinez,Alec,Martinez,1987-07-26,Rochester Hills,USA,MI,USA,"6' 1""",210,L,D
8474176,Carl Hagelin,Carl,Hagelin,1988-08-23,Sodertalje,SWE,N/A,SWE,"6' 0""",183,L,L
8474189,Lars Eller,Lars,Eller,1989-05-08,Rodovre,DNK,N/A,DNK,"6' 2""",205,L,C
8474192,Matt Frattin,Matt,Frattin,1988-01-03,Edmonton,CAN,AB,CAN,"6' 0""",205,R,R
8474202,John Curry,John,Curry,1984-02-27,Shorewood,USA,MN,USA,"5' 11""",185,L,G
8474291,Jay Beagle,Jay,Beagle,1985-10-16,Calgary,CAN,AB,CAN,"6' 3""",210,R,C
8474518,Davis Drewiske,Davis,Drewiske,1984-11-22,Hudson,USA,WI,USA,"6' 2""",222,L,D
8474550,Antti Niemi,Antti,Niemi,1983-08-29,Vantaa,FIN,N/A,FIN,"6' 2""",209,L,G
8474563,Drew Doughty,Drew,Doughty,1989-12-08,London,CAN,ON,CAN,"6' 1""",210,R,D
8474564,Steven Stamkos,Steven,Stamkos,1990-02-07,Markham,CAN,ON,CAN,"6' 0""",182,R,C
8474565,Alex Pietrangelo,Alex,Pietrangelo,1990-01-18,King City,CAN,ON,CAN,"6' 3""",215,R,D
8474567,Zach Bogosian,Zach,Bogosian,1990-07-15,Massena,USA,NY,USA,"6' 2""",222,R,D
8474568,Luke Schenn,Luke,Schenn,1989-11-02,Saskatoon,CAN,SK,CAN,"6' 2""",225,R,D
8474584,Michael Del Zotto,Michael,Del Zotto,1990-06-24,Stouffville,CAN,ON,CAN,"6' 0""",195,L,D
8474590,John Carlson,John,Carlson,1990-01-10,Natick,USA,MA,USA,"6' 3""",215,R,D
8474594,Slava Voynov,Slava,Voynov,1990-01-15,Chelyabinsk,RUS,N/A,RUS,"6' 0""",194,R,D
8474596,Jake Allen,Jake,Allen,1990-08-07,Fredericton,CAN,NB,CAN,"6' 2""",195,L,G
8474602,Justin Schultz,Justin,Schultz,1990-07-06,Kelowna,CAN,BC,CAN,"6' 2""",190,R,D
8474604,Aaron Ness,Aaron,Ness,1990-05-18,Roseau,USA,MN,USA,"5' 10""",184,L,D
8474611,Cameron Gaunce,Cameron,Gaunce,1990-03-19,Sudbury,CAN,ON,CAN,"6' 1""",194,L,D
8474625,Jimmy Hayes,Jimmy,Hayes,1989-11-21,Dorchester,USA,MA,USA,"6' 5""",215,R,R
8474629,Shawn Lalonde,Shawn,Lalonde,1990-03-10,Ottawa,CAN,ON,CAN,"6' 1""",204,R,D
8474638,Andrew Campbell,Andrew,Campbell,1988-02-04,Caledonia,CAN,ON,CAN,"6' 4""",205,L,D
8474651,Braden Holtby,Braden,Holtby,1989-09-16,Lloydminster,CAN,SK,CAN,"6' 1""",215,L,G
8474657,Jamie Arniel,Jamie,Arniel,1989-11-16,Kingston,CAN,ON,CAN,"5' 11""",183,R,C
8474660,David Warsofsky,David,Warsofsky,1990-05-30,Marshfield,USA,MA,USA,"5' 9""",174,L,D
8474681,Andrei Loktionov,Andrei,Loktionov,1990-05-30,Voskresensk,RUS,N/A,RUS,"5' 11""",190,L,C
8474722,Luke Witkowski,Luke,Witkowski,1990-04-14,Holland,USA,MI,USA,"6' 2""",210,R,D
8474727,Ben Smith,Ben,Smith,1988-07-11,Winston-Salem,USA,NC,USA,"5' 11""",203,R,R
8474749,Matt Bartkowski,Matt,Bartkowski,1988-06-04,Pittsburgh,USA,PA,USA,"6' 1""",201,L,D
8474870,Tyler Johnson,Tyler,Johnson,1990-07-29,Spokane,USA,WA,USA,"5' 8""",185,R,C
8474889,Martin Jones,Martin,Jones,1990-01-10,North Vancouver,CAN,BC,CAN,"6' 4""",203,L,G
8475098,Tyler Bozak,Tyler,Bozak,1986-03-19,Regina,CAN,SK,CAN,"6' 1""",187,R,C
8475148,Tim Erixon,Tim,Erixon,1991-02-24,Port Chester,USA,NY,SWE,"6' 2""",200,L,D
8475150,Jordan Caron,Jordan,Caron,1990-11-02,Sayabec,CAN,QC,CAN,"6' 3""",204,L,R
8475158,Ryan O'Reilly,Ryan,O'Reilly,1991-02-07,Clinton,CAN,ON,CAN,"6' 1""",207,L,C
8475160,Kyle Clifford,Kyle,Clifford,1991-01-13,Ayr,CAN,ON,CAN,"6' 2""",217,L,L
8475163,Alex Chiasson,Alex,Chiasson,1990-10-01,Montréal,CAN,QC,CAN,"6' 4""",208,R,R
8475167,Victor Hedman,Victor,Hedman,1990-12-18,Ornskoldsvik,SWE,N/A,SWE,"6' 7""",244,L,D
8475170,Brayden Schenn,Brayden,Schenn,1991-08-22,Saskatoon,CAN,SK,CAN,"6' 1""",199,L,C
8475172,Nazem Kadri,Nazem,Kadri,1990-10-06,London,CAN,ON,CAN,"6' 0""",185,L,C
8475181,Nick Leddy,Nick,Leddy,1991-03-20,Eden Prairie,USA,MN,USA,"6' 0""",205,L,D
8475182,David Rundblad,David,Rundblad,1990-10-08,Lycksele,SWE,N/A,SWE,"6' 2""",187,R,D
8475188,Brayden McNabb,Brayden,McNabb,1991-01-21,Davidson,CAN,SK,CAN,"6' 4""",215,L,D
8475191,Reilly Smith,Reilly,Smith,1991-04-01,Mimico,CAN,ON,CAN,"6' 1""",185,L,R
8475200,Dmitry Orlov,Dmitry,Orlov,1991-07-23,Novokuznetsk,RUS,N/A,RUS,"5' 11""",214,L,D
8475204,Brandon Pirri,Brandon,Pirri,1991-04-10,Toronto,CAN,ON,CAN,"6' 1""",180,L,C
8475208,Brian Dumoulin,Brian,Dumoulin,1991-09-06,Biddeford,USA,ME,USA,"6' 4""",207,L,D
8475214,Jeremy Morin,Jeremy,Morin,1991-04-16,Auburn,USA,NY,USA,"6' 1""",195,R,L
8475223,Linden Vey,Linden,Vey,1991-07-17,Wakaw,CAN,SK,CAN,"6' 0""",189,R,R
8475233,David Savard,David,Savard,1990-10-22,St-Hyacinthe,CAN,QC,CAN,"6' 1""",235,R,D
8475278,Byron Froese,Byron,Froese,1991-03-12,Winkler,CAN,MB,CAN,"6' 1""",202,R,C
8475311,Darcy Kuemper,Darcy,Kuemper,1990-05-05,Saskatoon,CAN,SK,CAN,"6' 5""",215,L,G
8475323,Marcus Kruger,Marcus,Kruger,1990-05-27,Stockholm,SWE,N/A,SWE,"6' 0""",186,L,C
8475325,Jordan Nolan,Jordan,Nolan,1989-06-23,"Garden River, First Nations",CAN,ON,CAN,"6' 3""",219,L,C
8475598,Ryan Stanton,Ryan,Stanton,1989-07-20,St. Albert,CAN,AB,CAN,"6' 2""",205,L,D
8475622,Carter Hutton,Carter,Hutton,1985-12-19,Thunder Bay,CAN,ON,CAN,"6' 0""",211,L,G
8475650,Brandon Bollig,Brandon,Bollig,1987-01-31,St. Charles,USA,MO,USA,"6' 2""",220,L,L
8475681,Ben Scrivens,Ben,Scrivens,1986-09-11,Spruce Grove,CAN,AB,CAN,"6' 2""",181,L,G
8475726,Tyler Toffoli,Tyler,Toffoli,1992-04-24,Scarborough,CAN,ON,CAN,"6' 0""",203,R,R
8475744,Evgeny Kuznetsov,Evgeny,Kuznetsov,1992-05-19,Chelyabinsk,RUS,N/A,RUS,"6' 2""",207,L,C
8475758,Devante Smith-Pelly,Devante,Smith-Pelly,1992-06-14,Scarborough,CAN,ON,CAN,"6' 0""",223,R,R
8475761,Beau Bennett,Beau,Bennett,1991-11-27,Gardena,USA,CA,USA,"6' 2""",195,R,R
8475765,Vladimir Tarasenko,Vladimir,Tarasenko,1991-12-13,Yaroslavl,RUS,N/A,RUS,"6' 1""",228,L,R
8475768,Jaden Schwartz,Jaden,Schwartz,1992-06-25,Wilcox,CAN,SK,CAN,"5' 10""",185,L,C
8475792,Brett Connolly,Brett,Connolly,1992-05-02,Campbell River,CAN,BC,CAN,"6' 3""",198,R,R
8475794,Tyler Seguin,Tyler,Seguin,1992-01-31,Brampton,CAN,ON,CAN,"6' 1""",205,R,C
8475807,Joakim Nordstrom,Joakim,Nordstrom,1992-02-25,Stockholm,SWE,N/A,SWE,"6' 1""",194,L,C
8475810,Bryan Rust,Bryan,Rust,1992-05-11,Pontiac,USA,MI,USA,"5' 11""",192,R,R
8475831,Philipp Grubauer,Philipp,Grubauer,1991-11-25,Rosenheim,DEU,N/A,DEU,"6' 1""",188,L,G
8475832,Tom Kuhnhackl,Tom,Kuhnhackl,1992-01-21,Landshut,DEU,N/A,DEU,"6' 2""",190,L,R
8475913,Mark Stone,Mark,Stone,1992-05-13,Winnipeg,CAN,MB,CAN,"6' 3""",217,R,R
8476147,Kael Mouillierat,Kael,Mouillierat,1987-12-09,Edmonton,CAN,AB,CAN,"6' 0""",188,L,L
8476162,Steve Oleksy,Steve,Oleksy,1986-02-04,Chesterfield,USA,MI,USA,"5' 11""",188,R,D
8476195,Cory Conacher,Cory,Conacher,1989-12-14,Burlington,CAN,ON,CAN,"5' 8""",185,L,C
8476292,Ondrej Palat,Ondrej,Palat,1991-03-28,Frydek-Mistek,CZE,N/A,CZE,"6' 0""",194,L,L
8476293,Scott Wilson,Scott,Wilson,1992-04-24,Oakville,CAN,ON,CAN,"5' 11""",177,L,C
8476302,Frank Corrado,Frank,Corrado,1993-03-26,Toronto,CAN,ON,CAN,"6' 0""",205,R,D
8476312,Josh Manson,Josh,Manson,1991-10-07,Hinsdale,USA,IL,CAN,"6' 3""",218,R,D
8476316,Laurent Brossoit,Laurent,Brossoit,1993-03-23,Port Alberni,CAN,BC,CAN,"6' 3""",215,L,G
8476326,Josh Archibald,Josh,Archibald,1992-10-06,Regina,CAN,SK,CAN,"5' 10""",176,R,R
8476329,Travis Boyd,Travis,Boyd,1993-09-14,Hopkins,USA,MN,USA,"6' 0""",190,R,C
8476344,Tyler Graovac,Tyler,Graovac,1993-04-27,Brampton,CAN,ON,CAN,"6' 5""",208,L,C
8476368,Fredrik Claesson,Fredrik,Claesson,1992-11-24,Stockholm,SWE,N/A,SWE,"6' 1""",196,L,D
8476381,Andrew Shaw,Andrew,Shaw,1991-07-20,Belleville,CAN,ON,CAN,"5' 11""",182,R,R
8476394,Michael Paliotta,Michael,Paliotta,1993-04-06,Westport,USA,CT,USA,"6' 4""",207,R,D
8476399,Blake Coleman,Blake,Coleman,1991-11-28,Plano,USA,TX,USA,"5' 11""",199,L,C
8476403,Klas Dahlbeck,Klas,Dahlbeck,1991-07-06,Katrineholm,SWE,N/A,SWE,"6' 3""",207,L,D
8476412,Jordan Binnington,Jordan,Binnington,1993-07-11,Richmond Hill,CAN,ON,CAN,"6' 2""",172,L,G
8476431,Adam Clendening,Adam,Clendening,1992-10-26,Niagara Falls,USA,NY,USA,"6' 0""",194,R,D
8476438,Brandon Saad,Brandon,Saad,1992-10-27,Pittsburgh,USA,PA,USA,"6' 1""",215,L,L
8476441,Joel Edmundson,Joel,Edmundson,1993-06-28,Brandon,CAN,MB,CAN,"6' 5""",221,L,D
8476444,Christopher Gibson,Christopher,Gibson,1992-12-27,Karkkila,FIN,N/A,FIN,"6' 2""",217,L,G
8476448,William Karlsson,William,Karlsson,1993-01-08,Marsta,SWE,N/A,SWE,"6' 0""",190,L,C
8476453,Nikita Kucherov,Nikita,Kucherov,1993-06-17,Maykop,RUS,N/A,RUS,"5' 11""",181,L,R
8476455,Gabriel Landeskog,Gabriel,Landeskog,1992-11-23,Stockholm,SWE,N/A,SWE,"6' 1""",215,L,L
8476479,Phillip Danault,Phillip,Danault,1993-02-24,Victoriaville,CAN,QC,CAN,"6' 1""",200,L,C
8476539,Jonathan Marchessault,Jonathan,Marchessault,1990-12-27,Cap-Rouge,CAN,QC,CAN,"5' 9""",183,R,R
8476624,Barclay Goodrow,Barclay,Goodrow,1993-02-26,Toronto,CAN,ON,CAN,"6' 2""",204,L,C
8476769,Bobby Farnham,Bobby,Farnham,1989-01-21,North Andover,USA,MA,USA,"5' 10""",190,L,R
8476826,Yanni Gourde,Yanni,Gourde,1991-12-15,Saint-Narcisse,CAN,QC,CAN,"5' 9""",174,L,C
8476850,Ryan Murray,Ryan,Murray,1993-09-27,Regina,CAN,SK,CAN,"6' 1""",206,L,D
8476870,Stefan Matteau,Stefan,Matteau,1994-02-23,Chicago,USA,IL,USA,"6' 2""",208,L,C
8476871,Tanner Pearson,Tanner,Pearson,1992-08-10,Kitchener,CAN,ON,CAN,"6' 1""",201,L,L
8476874,Olli Maatta,Olli,Maatta,1994-08-22,Jyväskylä,FIN,N/A,FIN,"6' 2""",207,L,D
8476877,Jordan Schmaltz,Jordan,Schmaltz,1993-10-08,Madison,USA,WI,USA,"6' 2""",196,R,D
8476880,Tom Wilson,Tom,Wilson,1994-03-29,Toronto,CAN,ON,CAN,"6' 4""",220,R,R
8476882,Teuvo Teravainen,Teuvo,Teravainen,1994-09-11,Helsinki,FIN,N/A,FIN,"5' 11""",191,L,L
8476883,Andrei Vasilevskiy,Andrei,Vasilevskiy,1994-07-25,Tyumen,RUS,N/A,RUS,"6' 4""",220,L,G
8476884,Derrick Pouliot,Derrick,Pouliot,1994-01-16,Estevan,CAN,SK,CAN,"6' 0""",196,L,D
8476892,Colton Parayko,Colton,Parayko,1993-05-12,St. Albert,CAN,AB,CAN,"6' 6""",228,R,D
8476897,Oskar Sundqvist,Oskar,Sundqvist,1994-03-23,Boden,SWE,N/A,SWE,"6' 3""",220,R,C
8476899,Matt Murray,Matt,Murray,1994-05-25,Thunder Bay,CAN,ON,CAN,"6' 5""",203,L,G
8476905,Chandler Stephenson,Chandler,Stephenson,1994-04-22,Saskatoon,CAN,SK,CAN,"6' 0""",209,L,C
8476907,Mackenzie MacEachern,Mackenzie,MacEachern,1994-03-09,Bloomfield Hills,USA,MI,USA,"6' 2""",193,L,L
8476927,Teddy Blueger,Teddy,Blueger,1994-08-15,Riga,LVA,N/A,LVA,"6' 0""",185,L,C
8476966,Gemel Smith,Gemel,Smith,1994-04-16,Toronto,CAN,ON,CAN,"5' 10""",203,L,C
8476975,Cedric Paquette,Cedric,Paquette,1993-08-13,Gaspe,CAN,QC,CAN,"6' 0""",205,L,C
8477018,Ben Hutton,Ben,Hutton,1993-04-20,Brockville,CAN,ON,CAN,"6' 3""",201,L,D
8477043,Christian Djoos,Christian,Djoos,1994-08-06,Gothenburg,SWE,N/A,SWE,"6' 0""",180,L,D
8477070,Liam O'Brien,Liam,O'Brien,1994-07-29,Halifax,CAN,NS,CAN,"6' 1""",213,L,C
8477073,Kurtis MacDermid,Kurtis,MacDermid,1994-03-25,Sauble Beach,CAN,ON,CAN,"6' 5""",233,L,D
8477126,Jayson Megna,Jayson,Megna,1990-02-01,Fort Lauderdale,USA,FL,USA,"6' 1""",195,R,C
8477237,Mike Condon,Mike,Condon,1990-04-27,Holliston,USA,MA,USA,"6' 2""",196,L,G
8477240,Carter Rowney,Carter,Rowney,1989-05-10,Grande Prairie,CAN,AB,CAN,"6' 2""",208,R,C
8477243,Drew LeBlanc,Drew,LeBlanc,1989-06-29,Duluth,USA,MN,USA,"6' 0""",194,L,C
8477244,Chad Ruhwedel,Chad,Ruhwedel,1990-05-07,San Diego,USA,CA,USA,"5' 11""",191,R,D
8477293,Antti Raanta,Antti,Raanta,1989-05-12,Rauma,FIN,N/A,FIN,"6' 0""",195,L,G
8477404,Jake Guentzel,Jake,Guentzel,1994-10-06,Omaha,USA,NE,USA,"5' 11""",180,L,L
8477409,Carter Verhaeghe,Carter,Verhaeghe,1995-08-14,Toronto,CAN,ON,CAN,"6' 2""",180,L,C
8477444,Andre Burakovsky,Andre,Burakovsky,1995-02-09,Klagenfurt,AUT,N/A,SWE,"6' 3""",209,L,L
8477447,Shea Theodore,Shea,Theodore,1995-08-03,Aldergrove,CAN,BC,CAN,"6' 2""",197,L,D
8477451,Ryan Hartman,Ryan,Hartman,1994-09-20,Hilton Head Island,USA,SC,USA,"6' 0""",197,R,R
8477456,J.T. Compher,J.T.,Compher,1995-04-08,Northbrook,USA,IL,USA,"6' 0""",190,R,L
8477465,Tristan Jarry,Tristan,Jarry,1995-04-29,Surrey,CAN,BC,CAN,"6' 2""",194,L,G
8477474,Madison Bowey,Madison,Bowey,1995-04-22,Winnipeg,CAN,MB,CAN,"6' 1""",207,R,D
8477476,Artturi Lehkonen,Artturi,Lehkonen,1995-07-04,Piikkio,FIN,N/A,FIN,"5' 11""",179,L,L
8477478,William Carrier,William,Carrier,1994-12-20,LaSalle,CAN,QC,CAN,"6' 2""",218,L,L
8477482,Zach Sanford,Zach,Sanford,1994-11-09,Salem,USA,MA,USA,"6' 4""",206,L,L
8477492,Nathan MacKinnon,Nathan,MacKinnon,1995-09-01,Halifax,CAN,NS,CAN,"6' 0""",200,R,C
8477501,Valeri Nichushkin,Valeri,Nichushkin,1995-03-04,Chelyabinsk,RUS,N/A,RUS,"6' 4""",210,L,R
8477520,Jean-Sebastien Dea,Jean-Sebastien,Dea,1994-02-08,Laval,CAN,QC,CAN,"5' 11""",174,R,C
8477573,Nathan Walker,Nathan,Walker,1994-02-07,Cardiff,GBR,N/A,AUS,"5' 9""",187,L,L
8477839,Conor Sheary,Conor,Sheary,1992-06-08,Winchester,USA,MA,USA,"5' 9""",179,L,L
8477845,Trevor van Riemsdyk,Trevor,van Riemsdyk,1991-07-24,Middletown,USA,NJ,USA,"6' 3""",191,R,D
8477944,Jakub Vrana,Jakub,Vrana,1996-02-28,Prague,CZE,N/A,CZE,"6' 0""",190,L,L
8477952,Robby Fabbri,Robby,Fabbri,1996-01-22,Mississauga,CAN,ON,CAN,"5' 11""",185,L,C
8477964,Ivan Barbashev,Ivan,Barbashev,1995-12-14,Moscow,RUS,N/A,RUS,"6' 1""",195,L,C
8477979,Nicolas Aube-Kubel,Nicolas,Aube-Kubel,1996-05-10,Slave Lake,CAN,AB,CAN,"6' 0""",207,R,R
8477992,Jonas Johansson,Jonas,Johansson,1995-09-19,Gavle,SWE,N/A,SWE,"6' 5""",220,L,G
8478010,Brayden Point,Brayden,Point,1996-03-13,Calgary,CAN,AB,CAN,"5' 11""",180,R,C
8478020,Michael Amadio,Michael,Amadio,1996-05-13,Sault Ste. Marie,CAN,ON,CAN,"6' 1""",204,R,R
8478038,Devon Toews,Devon,Toews,1994-02-21,Abbotsford,CAN,BC,CAN,"6' 1""",191,L,D
8478049,Ben Thomas,Ben,Thomas,1996-05-28,Calgary,CAN,AB,CAN,"6' 1""",187,R,D
8478063,Shane Gersich,Shane,Gersich,1996-07-10,Chaska,USA,MN,USA,"5' 11""",185,L,L
8478069,Daniel Walcott,Daniel,Walcott,1994-02-19,Ile Perrot,CAN,QC,CAN,"6' 1""",175,L,L
8478104,Sammy Blais,Sammy,Blais,1996-06-17,Montmagny,CAN,QC,CAN,"6' 2""",206,L,L
8478106,Dylan Sikura,Dylan,Sikura,1995-06-01,Aurora,CAN,ON,CAN,"5' 11""",170,L,R
8478373,Nikita Soshnikov,Nikita,Soshnikov,1993-10-14,Nizhny Tagil,RUS,N/A,RUS,"5' 11""",190,L,R
8478393,Kyle Baun,Kyle,Baun,1992-05-04,Toronto,CAN,ON,CAN,"6' 2""",209,R,R
8478403,Jack Eichel,Jack,Eichel,1996-10-28,North Chelmsford,USA,MA,USA,"6' 2""",207,R,C
8478407,Vince Dunn,Vince,Dunn,1996-10-29,Mississauga,CAN,ON,CAN,"6' 0""",200,L,D
8478416,Erik Cernak,Erik,Cernak,1997-05-28,Kosice,SVK,N/A,SVK,"6' 4""",224,R,D
8478420,Mikko Rantanen,Mikko,Rantanen,1996-10-29,Nousiainen,FIN,N/A,FIN,"6' 4""",215,L,R
8478434,Keegan Kolesar,Keegan,Kolesar,1997-04-08,Brandon,CAN,MB,CAN,"6' 2""",217,R,R
8478462,Nicolas Roy,Nicolas,Roy,1997-02-05,Amos,CAN,QC,CAN,"6' 4""",202,R,C
8478466,Daniel Sprong,Daniel,Sprong,1997-03-17,Amsterdam,NLD,N/A,NLD,"6' 0""",202,R,R
8478472,Mathieu Joseph,Mathieu,Joseph,1997-02-09,Laval,CAN,QC,CAN,"6' 1""",187,L,R
8478477,Mitchell Stephens,Mitchell,Stephens,1997-02-05,Peterborough,CAN,ON,CAN,"5' 11""",197,R,C
8478499,Adin Hill,Adin,Hill,1996-05-11,Comox,CAN,BC,CAN,"6' 4""",215,L,G
8478519,Anthony Cirelli,Anthony,Cirelli,1997-07-15,Etobicoke,CAN,ON,CAN,"6' 0""",189,L,C
8478866,Dominik Simon,Dominik,Simon,1994-08-08,Prague,CZE,N/A,CZE,"5' 11""",190,L,C
8478928,Sergei Plotnikov,Sergei,Plotnikov,1990-06-03,Komsomolsk,RUS,N/A,RUS,"6' 2""",202,L,L
8479353,Brett Howden,Brett,Howden,1998-03-29,Calgary,CAN,AB,CAN,"6' 2""",203,L,C
8479370,Tyson Jost,Tyson,Jost,1998-03-14,St. Albert,CAN,AB,CAN,"5' 11""",187,L,C
8479385,Jordan Kyrou,Jordan,Kyrou,1998-05-05,Toronto,CAN,ON,CAN,"6' 1""",196,R,C
8479398,Samuel Girard,Samuel,Girard,1998-05-12,Roberval,CAN,QC,CAN,"5' 10""",170,L,D
8479410,Mikhail Sergachev,Mikhail,Sergachev,1998-06-25,Nizhnekamsk,RUS,N/A,RUS,"6' 1""",217,L,D
8479439,Jacob MacDonald,Jacob,MacDonald,1993-02-26,Portland,USA,OR,USA,"6' 0""",204,L,D
8479482,Michal Kempny,Michal,Kempny,1990-09-08,Hodonin,CZE,N/A,CZE,"6' 1""",190,L,D
8479525,Ross Colton,Ross,Colton,1996-09-11,Robbinsville,USA,NJ,USA,"6' 0""",194,L,C
8479573,Mikhail Maltsev,Mikhail,Maltsev,1998-03-12,St. Petersburg,RUS,N/A,RUS,"6' 3""",198,L,L
8479718,Alex Barré-Boulet,Alex,Barré-Boulet,1997-05-21,Montmagny,CAN,QC,CAN,"5' 10""",180,L,C
8479980,Nicolas Hague,Nicolas,Hague,1998-12-05,Kitchener,CAN,ON,CAN,"6' 6""",230,L,D
8479984,Cal Foote,Cal,Foote,1998-12-13,Denver,USA,CO,USA,"6' 5""",224,R,D
8479991,Jake Leschyshyn,Jake,Leschyshyn,1999-03-10,Raleigh,USA,NC,USA,"5' 11""",195,L,C
8480007,Jonas Rondbjerg,Jonas,Rondbjerg,1999-03-31,Horsholm,DNK,N/A,DNK,"6' 2""",203,L,R
8480023,Robert Thomas,Robert,Thomas,1999-07-02,Aurora,CAN,ON,CAN,"6' 0""",218,R,C
8480069,Cale Makar,Cale,Makar,1998-10-30,Calgary,CAN,AB,CAN,"5' 11""",187,R,D
8480143,Jakub Jerabek,Jakub,Jerabek,1991-05-12,Pilsen,CZE,N/A,CZE,"5' 11""",199,L,D
8480158,Andreas Borgman,Andreas,Borgman,1995-06-18,Stockholm,SWE,N/A,SWE,"6' 0""",200,L,D
8480172,Jan Rutta,Jan,Rutta,1990-07-29,Pisek,CZE,N/A,CZE,"6' 3""",204,R,D
8480186,Alexander Volkov,Alexander,Volkov,1997-08-02,Moscow,RUS,N/A,RUS,"6' 1""",195,L,R
8480238,Jiri Patera,Jiri,Patera,1999-02-24,Praha,CZE,N/A,CZE,"6' 2""",209,L,G
8480313,Logan Thompson,Logan,Thompson,1997-02-25,Calgary,CAN,AB,CAN,"6' 4""",205,R,G
8480727,Zach Whitecloud,Zach,Whitecloud,1996-11-28,Brandon,CAN,MB,CAN,"6' 2""",207,R,D
8480748,Kiefer Sherwood,Kiefer,Sherwood,1995-03-31,Columbus,USA,OH,USA,"6' 0""",194,R,L
8480776,Sheldon Rempal,Sheldon,Rempal,1995-08-07,Calgary,CAN,AB,CAN,"5' 10""",165,R,R
8480822,Martin Kaut,Martin,Kaut,1999-10-02,Brno,CZE,N/A,CZE,"6' 2""",190,R,R
8480846,Sampo Ranta,Sampo,Ranta,2000-05-31,Naantali,FIN,N/A,FIN,"6' 2""",195,L,L
8480913,Jordan Gross,Jordan,Gross,1995-05-09,Maple Grove,USA,MN,USA,"5' 10""",190,R,D
8480925,Pavel Francouz,Pavel,Francouz,1990-06-03,Plzen,CZE,N/A,CZE,"6' 0""",179,R,G
8481020,Justus Annunen,Justus,Annunen,2000-03-11,Kempele,FIN,N/A,FIN,"6' 4""",210,L,G
8481032,Paul Cotter,Paul,Cotter,1999-11-16,Canton,USA,MI,USA,"6' 2""",212,L,C
8481167,Brayden Pachal,Brayden,Pachal,1999-08-23,Estevan,CAN,SK,CAN,"6' 2""",203,R,D
8481186,Logan O'Connor,Logan,O'Connor,1996-08-14,Missouri City,USA,TX,USA,"6' 0""",175,R,R
8481477,Nico Sturm,Nico,Sturm,1995-05-03,Augsburg,DEU,N/A,DEU,"6' 3""",209,L,C
8481524,Bowen Byram,Bowen,Byram,2001-06-13,Cranbrook,CAN,BC,CAN,"6' 1""",190,L,D
8481527,Kaedan Korczak,Kaedan,Korczak,2001-01-29,Yorkton,CAN,SK,CAN,"6' 3""",202,R,D
8481604,Pavel Dorofeyev,Pavel,Dorofeyev,2000-10-26,Nizhny Tagil,RUS,N/A,RUS,"6' 1""",194,L,L
8481618,Alex Newhook,Alex,Newhook,2001-01-28,St. John's,CAN,NL,CAN,"5' 10""",190,L,C
8482111,Justin Barron,Justin,Barron,2001-11-15,Halifax,CAN,NS,CAN,"6' 2""",201,R,D
8482624,Daniil Miromanov,Daniil,Miromanov,1997-07-11,Moscow,RUS,N/A,RUS,"6' 4""",200,R,D
8483570,Ben Meyers,Ben,Meyers,1998-11-15,Delano,USA,MN,USA,"5' 11""",194,L,C
